PC1,PC2,PC3,PC4,PC1_vis,PC2_vis,Extraversion,Agreeableness,Conscientiousness,Neuroticism,Openness,OCB,CWB
-0.9011714809356486,0.7956431713108805,2.562878671529878,0.7292658373464486,-0.9011714809356486,0.7956431713108805,2.4166666666666665,4.25,3.0833333333333335,4.5,4.75,3.2,1.7
2.4704375582200493,-0.5711060730141273,-0.8251715525671994,-0.400484430454128,2.4704375582200493,-0.5711060730141273,4.583333333333333,4.25,4.25,1.5833333333333333,3.8333333333333335,2.7,1.1
-0.4807549618339747,2.1011890159568596,0.4259602936433396,0.3898831362006193,-0.4807549618339747,2.1011890159568596,3.9166666666666665,3.9166666666666665,2.5,3.5,4.083333333333333,3.6,2.1
0.9184714170183527,0.2225644445229929,-0.8560788500150907,0.6411403387978009,0.9184714170183527,0.2225644445229929,4.666666666666667,4.5,3.0833333333333335,2.5833333333333335,3.25,2.8,1.5
-0.7434719534304709,-0.1688385183359742,-0.6439255233394328,-0.16814750042085916,-0.7434719534304709,-0.1688385183359742,2.9166666666666665,3.25,3.5833333333333335,2.9166666666666665,3.4166666666666665,2.8,1.5
0.2784714645525539,-0.17177841568431426,-0.10350906436674065,-1.3471761624557959,0.2784714645525539,-0.17177841568431426,3.5833333333333335,3.25,3.9166666666666665,2.6666666666666665,4.166666666666667,2.4,1.4
0.69160218699642,0.34885974802185066,0.894560748266315,1.0579798944864813,0.69160218699642,0.34885974802185066,3.0833333333333335,4.166666666666667,3.9166666666666665,3.4166666666666665,4.0,3.9,1.2
-0.2492656788367589,0.7430584762344243,0.2263077834526157,0.8520555624463535,-0.2492656788367589,0.7430584762344243,3.0833333333333335,3.9166666666666665,3.1666666666666665,3.1666666666666665,3.75,3.6,1.6
-0.9410960410626769,1.8130460600960276,1.04940413221952,1.4539827578035145,-0.9410960410626769,1.8130460600960276,2.25,4.416666666666667,3.4166666666666665,3.75,4.166666666666667,3.3,2.8
-2.7366345710266193,-0.9038810241835237,1.1873855216637832,-2.684514904545915,-2.7366345710266193,-0.9038810241835237,2.4166666666666665,2.25,3.0833333333333335,4.25,4.5,1.2,1.3
0.9887492114613976,0.4696051332210641,-0.5168327629596758,-0.08671837722852052,0.9887492114613976,0.4696051332210641,4.25,4.083333333333333,3.75,2.5833333333333335,3.75,2.8,1.7
1.5355208341800355,-0.9873168724353191,-0.8680740962535249,-0.17778294457122493,1.5355208341800355,-0.9873168724353191,4.333333333333333,4.416666666666667,3.5,1.6666666666666667,3.5833333333333335,2.1,1.2
-0.08812572282208987,1.2026412410775378,-0.4424563963371644,-0.840640382595836,-0.08812572282208987,1.2026412410775378,3.5,3.1666666666666665,3.6666666666666665,2.6666666666666665,4.083333333333333,3.1,2.0
-0.7228715898742716,-0.8906097132095442,-0.5483049690819363,-1.5081360265433614,-0.7228715898742716,-0.8906097132095442,2.1666666666666665,2.75,3.75,1.8333333333333333,4.083333333333333,2.1,1.5
0.7039435915479733,2.281931401688487,-1.4538781089062836,-1.0261179885327092,0.7039435915479733,2.281931401688487,3.8333333333333335,2.6666666666666665,4.25,2.0,4.0,4.1,2.2
-0.22868882058387288,2.437064536703588,0.7922442239514338,-0.8010532095886921,-0.22868882058387288,2.437064536703588,3.4166666666666665,3.1666666666666665,3.75,3.5833333333333335,4.75,3.7,2.3
2.215119342355961,0.6952542130999095,-0.4788071250859603,0.21688260898480027,2.215119342355961,0.6952542130999095,4.0,4.0,4.083333333333333,1.6666666666666667,4.083333333333333,4.0,1.3
-0.3080135911277366,0.3689848747982483,-0.39047578658233256,0.789565159956175,-0.3080135911277366,0.3689848747982483,2.8333333333333335,4.083333333333333,3.25,2.5,3.5833333333333335,2.9,2.0
0.4971256539174266,-0.894281525335386,1.8677312463199904,0.9330782980179373,0.4971256539174266,-0.894281525335386,2.3333333333333335,4.75,3.1666666666666665,2.75,4.583333333333333,2.8,1.1
-1.058679137842666,0.2994312354645455,-0.9475075182452737,0.45457261967147283,-1.058679137842666,0.2994312354645455,3.0,3.1666666666666665,3.9166666666666665,3.6666666666666665,2.9166666666666665,3.3,1.6
2.1563648292882687,-0.1147598360986685,0.9592368985164993,-0.40511999145041094,2.1563648292882687,-0.1147598360986685,3.8333333333333335,4.25,4.666666666666667,2.6666666666666665,4.666666666666667,3.0,1.2
-1.835303018291855,-1.4126182925118667,1.401897416453325,-0.09012451649871205,-1.835303018291855,-1.4126182925118667,2.0,3.6666666666666665,3.3333333333333335,4.25,3.9166666666666665,1.8,1.2
0.037199020596224285,1.0448352447322993,0.8745458352524574,0.12811069700421285,0.037199020596224285,1.0448352447322993,3.5833333333333335,4.083333333333333,3.0833333333333335,3.3333333333333335,4.333333333333333,3.1,1.8
-1.4537318700407194,0.14071684287377945,1.5712329784441759,0.24414268088814214,-1.4537318700407194,0.14071684287377945,2.8333333333333335,4.083333333333333,2.3333333333333335,4.0,4.25,2.4,1.6
1.0524665220408003,1.053620948411406,0.8936340289685878,-0.17714419403485182,1.0524665220408003,1.053620948411406,3.5,3.6666666666666665,4.5,3.4166666666666665,4.5,3.8,1.5
-0.5748117873577402,-0.08352166008498954,-0.7282532670839402,0.8961774568679651,-0.5748117873577402,-0.08352166008498954,3.25,3.6666666666666665,3.0833333333333335,3.0833333333333335,3.0,3.4,1.2
-0.5381268682068235,-1.073154893358195,-0.3361104610739808,-0.6934871820231007,-0.5381268682068235,-1.073154893358195,3.4166666666666665,3.5,3.9166666666666665,3.4166666666666665,3.4166666666666665,1.8,1.3
1.3051739019639048,0.5742453041869192,-1.510188580784475,0.9750979658052829,1.3051739019639048,0.5742453041869192,3.9166666666666665,4.166666666666667,3.8333333333333335,1.8333333333333333,3.1666666666666665,3.6,1.7
0.06489901715102112,-0.15128805940639564,-0.2424570113717432,-0.14209206425864546,0.06489901715102112,-0.15128805940639564,3.3333333333333335,3.6666666666666665,3.9166666666666665,3.0,3.6666666666666665,2.7,1.5
-0.9186822581816921,1.206540182631631,0.3400191138523801,-0.5048247079161594,-0.9186822581816921,1.206540182631631,3.5,3.5,3.1666666666666665,3.6666666666666665,4.083333333333333,2.7,2.1
-0.27908560693355106,-1.296729112454323,-0.5219862073807757,-0.6312154928267594,-0.27908560693355106,-1.296729112454323,2.75,3.4166666666666665,4.0,2.5,3.5833333333333335,2.0,1.3
1.4794153566269341,-0.44186685426865907,-0.3090286273333034,0.1569926065305866,1.4794153566269341,-0.44186685426865907,4.083333333333333,4.25,4.166666666666667,2.5833333333333335,3.6666666666666665,2.8,1.2
1.678863047297461,-0.9387271998939202,0.5269427814127372,-0.6886237300962614,1.678863047297461,-0.9387271998939202,3.5833333333333335,4.416666666666667,3.4166666666666665,1.4166666666666667,4.666666666666667,2.1,1.2
0.21819285274338646,1.1632060993594036,1.2043000040289575,-0.8119778008462806,0.21819285274338646,1.1632060993594036,3.5833333333333335,3.6666666666666665,4.333333333333333,4.0,4.666666666666667,2.8,2.0
1.0262443815171316,-0.43730503114059394,-0.5928597493428693,0.5927987881500657,1.0262443815171316,-0.43730503114059394,3.5,4.0,3.5833333333333335,2.0833333333333335,3.5,3.4,1.0
0.38851987176596486,-0.17821968230958768,-0.09881683366542969,-0.03776769589263405,0.38851987176596486,-0.17821968230958768,3.6666666666666665,4.083333333333333,3.75,2.9166666666666665,3.75,2.4,1.6
0.9553061025583353,-2.5229416687029076,-0.4789977459582702,-0.5798125834053552,0.9553061025583353,-2.5229416687029076,3.0833333333333335,4.25,3.8333333333333335,1.4166666666666667,3.75,1.2,1.0
1.7453125850725693,0.3430974923612655,0.7519002608513193,1.6323875152281835,1.7453125850725693,0.3430974923612655,2.8333333333333335,4.5,4.0,2.3333333333333335,4.166666666666667,4.5,1.1
-1.7572217290267467,0.6509450485807258,0.7277377780937428,0.9494577462179616,-1.7572217290267467,0.6509450485807258,2.0,3.4166666666666665,3.75,4.5,3.5833333333333335,3.5,1.8
2.2251242489671963,-0.4594422921982484,-0.5922711049454675,-0.6597479768007412,2.2251242489671963,-0.4594422921982484,4.166666666666667,4.083333333333333,4.416666666666667,1.5833333333333333,4.083333333333333,2.6,1.3
1.42170919876302,1.7162279557074744,-1.10084472585691,-1.4012479362500305,1.42170919876302,1.7162279557074744,4.5,3.1666666666666665,3.25,1.1666666666666667,4.416666666666667,3.6,1.8
-0.30223565240030414,-0.585451210798277,-0.137744639940786,0.37919654574912,-0.30223565240030414,-0.585451210798277,2.6666666666666665,3.6666666666666665,3.4166666666666665,2.6666666666666665,3.5833333333333335,3.0,1.2
-2.201845853892558,1.335758863988154,1.3393413296394316,-0.6323365531995535,-2.201845853892558,1.335758863988154,2.0,2.6666666666666665,3.25,4.333333333333333,4.5,3.4,1.9
-0.5844771924477999,-1.437705808217297,0.44224453680415937,-0.5063928365230713,-0.5844771924477999,-1.437705808217297,2.6666666666666665,3.6666666666666665,3.8333333333333335,3.25,3.8333333333333335,1.8,1.2
-0.45564855055405823,0.6129093873159405,1.2821304008064605,0.5077072249632533,-0.45564855055405823,0.6129093873159405,2.5833333333333335,3.6666666666666665,4.0,4.166666666666667,4.166666666666667,3.6,1.5
-2.7746762817308674,0.8110237231626921,0.5597213897012812,0.17745496286406684,-2.7746762817308674,0.8110237231626921,2.1666666666666665,3.25,2.4166666666666665,4.083333333333333,3.75,2.7,2.1
-1.9154730183519841,-0.09369019256633333,0.6250674142208917,0.3327448083288232,-1.9154730183519841,-0.09369019256633333,2.25,3.4166666666666665,2.9166666666666665,3.9166666666666665,3.6666666666666665,2.8,1.5
3.4587013308474086,-0.8977367818593431,0.67873871225525,-0.5673997524102996,3.4587013308474086,-0.8977367818593431,3.6666666666666665,4.583333333333333,4.75,1.0,5.0,2.8,1.0
3.087241205328044,1.3123111618646985,-0.341289392570981,0.003209016530564847,3.087241205328044,1.3123111618646985,4.833333333333333,4.75,4.5,1.6666666666666667,4.416666666666667,3.2,2.1
4.385526731761054,0.7358427718790408,0.4866388715662063,0.33292868345645027,4.385526731761054,0.7358427718790408,4.25,4.583333333333333,5.0,1.1666666666666667,4.916666666666667,4.6,1.0
0.037199020596224285,1.0448352447322993,0.8745458352524574,0.12811069700421285,0.037199020596224285,1.0448352447322993,3.5833333333333335,4.083333333333333,3.0833333333333335,3.3333333333333335,4.333333333333333,3.1,1.8
-0.5662006999872287,0.015297768502271962,-0.13106691794242592,-0.6869228417214982,-0.5662006999872287,0.015297768502271962,2.9166666666666665,3.5,3.0833333333333335,2.3333333333333335,4.083333333333333,2.3,1.8
0.19944387727185828,-0.48642693482576926,1.4451850496258767,-0.2911511253973735,0.19944387727185828,-0.48642693482576926,2.1666666666666665,3.8333333333333335,4.0,2.8333333333333335,4.75,2.7,1.4
1.7743977150360106,1.597480554894184,-0.7234373920506586,1.4742039180989734,1.7743977150360106,1.597480554894184,3.0833333333333335,4.583333333333333,4.333333333333333,1.5,3.9166666666666665,4.0,2.5
-0.2473456269979155,0.7827852515593602,-0.6539762642450853,1.0465913021824051,-0.2473456269979155,0.7827852515593602,3.3333333333333335,3.9166666666666665,3.75,3.3333333333333335,3.1666666666666665,3.4,1.9
-1.6379104399645528,-1.043853725039745,0.23015672937377812,1.1069902036893513,-1.6379104399645528,-1.043853725039745,2.3333333333333335,4.0,2.1666666666666665,3.1666666666666665,3.25,2.6,1.1
0.36176206978439085,0.39055496732592127,0.13340521699765834,1.4388720904405348,0.36176206978439085,0.39055496732592127,2.4166666666666665,4.333333333333333,4.0,2.6666666666666665,3.75,3.5,1.9
2.4997617869782305,-0.7358904293098816,-0.804564685435025,-0.3113097954709587,2.4997617869782305,-0.7358904293098816,4.75,4.583333333333333,3.9166666666666665,1.4166666666666667,3.8333333333333335,2.3,1.2
-0.4253412023288094,-0.5269455505809747,1.129902882619155,2.2928411444836905,-0.4253412023288094,-0.5269455505809747,1.6666666666666667,4.583333333333333,3.8333333333333335,3.6666666666666665,3.5833333333333335,3.5,1.4
-1.0620423392708225,0.029921095598114927,-0.516317178598991,-0.1972637456813885,-1.0620423392708225,0.029921095598114927,2.8333333333333335,3.5833333333333335,2.3333333333333335,2.0833333333333335,3.75,2.4,1.8
1.4592538347283293,0.4786879123210328,1.1762269737424556,-0.3427446905876136,1.4592538347283293,0.4786879123210328,3.1666666666666665,4.25,5.0,3.0,4.833333333333333,2.7,2.0
-1.245024183967187,-0.15263197067443787,0.7158631403679084,0.08946339521013175,-1.245024183967187,-0.15263197067443787,2.75,4.166666666666667,2.3333333333333335,3.0,4.083333333333333,1.9,1.9
0.33883122623084355,-0.3301602065658081,-0.7088585021609618,-0.38444678797419785,0.33883122623084355,-0.3301602065658081,3.75,3.5,3.75,2.6666666666666665,3.5,2.8,1.2
-0.7578492968756355,0.695367021664038,0.6769850936144242,0.6500413708962348,-0.7578492968756355,0.695367021664038,2.1666666666666665,3.5,4.166666666666667,3.8333333333333335,3.9166666666666665,3.6,1.8
-2.801732708740372,-0.053184230664088755,0.27704548541769913,0.4453530128404703,-2.801732708740372,-0.053184230664088755,2.0833333333333335,3.4166666666666665,2.6666666666666665,4.166666666666667,3.3333333333333335,2.3,1.9
-1.6984403441646267,0.39113608063447186,-0.1283185680802906,-0.22792422745012483,-1.6984403441646267,0.39113608063447186,3.3333333333333335,3.1666666666666665,2.75,3.9166666666666665,3.4166666666666665,2.8,1.5
-4.419922519824632,-0.07005459037928573,0.2975932318282487,0.2969649874012169,-4.419922519824632,-0.07005459037928573,1.4166666666666667,2.9166666666666665,2.0,4.583333333333333,3.1666666666666665,2.1,2.0
1.0483383259766914,-1.4416331442779613,-0.5966583851008764,-0.005846516456454001,1.0483383259766914,-1.4416331442779613,3.9166666666666665,4.416666666666667,3.9166666666666665,2.3333333333333335,3.4166666666666665,1.8,1.2
-2.800928626236661,-2.7448233140946363,-0.19389147668105639,0.009687572703041804,-2.800928626236661,-2.7448233140946363,1.75,3.25,3.5833333333333335,4.25,2.6666666666666665,1.1,1.0
-0.7078501936865625,-0.9974610677818889,-0.8885540127108241,0.7399802878744527,-0.7078501936865625,-0.9974610677818889,2.5833333333333335,3.6666666666666665,3.6666666666666665,2.8333333333333335,2.9166666666666665,2.7,1.3
-0.16974256407552926,0.00868110776129412,1.038545359351771,-0.4002301268086052,-0.16974256407552926,0.00868110776129412,3.4166666666666665,3.9166666666666665,2.75,3.0833333333333335,4.416666666666667,2.6,1.3
-1.8418070173205774,0.841842581650548,-0.6831361452037045,0.5549423770806771,-1.8418070173205774,0.841842581650548,2.8333333333333335,3.3333333333333335,3.5833333333333335,4.083333333333333,3.0,2.9,2.2
2.2578079604211143,0.6664916254472274,-0.77223342347146,-0.21648145925575107,2.2578079604211143,0.6664916254472274,3.6666666666666665,3.8333333333333335,4.333333333333333,1.0833333333333333,4.25,3.7,1.6
-1.1582314161485177,1.502602779294194,1.8713398882619003,0.15415443796125547,-1.1582314161485177,1.502602779294194,3.0833333333333335,3.9166666666666665,2.4166666666666665,4.166666666666667,4.666666666666667,3.2,1.9
-0.3805187736454421,1.5060038587868485,0.687858612718683,-0.31538132410170816,-0.3805187736454421,1.5060038587868485,3.25,3.5833333333333335,3.0,3.0833333333333335,4.5,3.3,2.0
-1.2794954332199096,0.15307040930245422,0.06575918837573987,0.9137906360535328,-1.2794954332199096,0.15307040930245422,2.75,3.6666666666666665,2.8333333333333335,3.5833333333333335,3.3333333333333335,3.3,1.4
1.5672681329821438,-0.5758465668736645,0.2753835107561317,-0.699364720615524,1.5672681329821438,-0.5758465668736645,3.5,4.0,4.333333333333333,2.0833333333333335,4.416666666666667,2.5,1.3
0.292963115565352,1.6693131922154658,-1.6537491417778254,-0.6416358599000608,0.292963115565352,1.6693131922154658,3.6666666666666665,2.75,4.083333333333333,2.1666666666666665,3.5833333333333335,3.9,2.0
0.8619422266535972,-0.6572898155546658,-0.3067817284569386,-0.28763174086197646,0.8619422266535972,-0.6572898155546658,3.0,3.8333333333333335,4.0,1.8333333333333333,4.0,2.6,1.4
-0.5331510865159994,0.10680968281521895,0.40540169586366315,-0.6749506480358791,-0.5331510865159994,0.10680968281521895,3.3333333333333335,3.3333333333333335,3.5833333333333335,3.5833333333333335,4.0,2.7,1.4
3.585370289156629,-1.306009848749919,0.30229078625283073,-0.23427147509972032,3.585370289156629,-1.306009848749919,4.25,5.0,4.833333333333333,1.3333333333333333,4.5,2.3,1.0
-0.30905976010901165,1.4641735571362655,-0.36481701710339715,-0.0994474239571551,-0.30905976010901165,1.4641735571362655,3.25,3.5,3.6666666666666665,2.9166666666666665,3.9166666666666665,3.2,2.3
-1.4597017613810574,1.9046142062761553,-1.66632728117012,-0.3709966599497416,-1.4597017613810574,1.9046142062761553,3.3333333333333335,3.1666666666666665,3.1666666666666665,2.6666666666666665,3.3333333333333335,2.6,3.0
0.20616911352190145,-0.7304358925426567,-0.5954831571538064,-0.27534883766308565,0.20616911352190145,-0.7304358925426567,3.1666666666666665,3.6666666666666665,3.9166666666666665,2.4166666666666665,3.5833333333333335,2.4,1.4
1.9229635574828938,-0.5355139169963441,-1.2150472403302948,1.5315806702911636,1.9229635574828938,-0.5355139169963441,4.166666666666667,4.916666666666667,4.25,2.1666666666666665,2.9166666666666665,3.0,1.4
0.31424693340827037,-1.9072949456032593,0.8880871319592425,0.9231577529228249,0.31424693340827037,-1.9072949456032593,2.0,4.583333333333333,3.9166666666666665,2.5833333333333335,3.9166666666666665,2.2,1.1
1.8658954877849534,0.3382123860809766,0.2241565221867311,0.312201425513333,1.8658954877849534,0.3382123860809766,3.5,4.166666666666667,4.416666666666667,2.25,4.25,3.6,1.4
-0.25167241406388524,0.6217616440413287,1.2544193903866212,-0.009265398814612054,-0.25167241406388524,0.6217616440413287,2.6666666666666665,3.6666666666666665,3.6666666666666665,3.5,4.5,3.3,1.6
1.0944812414703993,-0.3048670959593314,0.617696342130036,2.1819770378128163,1.0944812414703993,-0.3048670959593314,2.4166666666666665,4.5,4.416666666666667,3.0833333333333335,3.5833333333333335,4.3,1.0
0.13651866449581274,-0.6389452264402739,-0.8629978246047174,-0.179678009140571,0.13651866449581274,-0.6389452264402739,3.3333333333333335,3.5833333333333335,4.083333333333333,2.6666666666666665,3.3333333333333335,2.5,1.4
0.7908832243042138,1.5365254415095286,0.8363209498154905,0.41737355681141713,0.7908832243042138,1.5365254415095286,4.75,4.416666666666667,3.0,3.75,4.166666666666667,3.5,1.6
0.9157642114078868,1.5625430048993267,0.6621172430613009,-1.0213166641338476,0.9157642114078868,1.5625430048993267,4.25,3.3333333333333335,4.25,3.5833333333333335,4.583333333333333,3.6,1.6
2.8227132576681933,-0.03659956507397435,-0.5530161851279445,0.03701578639670056,2.8227132576681933,-0.03659956507397435,4.5,4.333333333333333,4.75,1.9166666666666667,3.9166666666666665,3.3,1.2
-0.6786080665366122,0.8862556324950979,0.6442897078401537,0.36220414456675676,-0.6786080665366122,0.8862556324950979,3.0,3.8333333333333335,2.9166666666666665,3.3333333333333335,4.083333333333333,3.2,1.8
1.3845125874196165,-0.851614899240239,1.4729116699877336,-0.35316065454413603,1.3845125874196165,-0.851614899240239,3.5833333333333335,4.583333333333333,4.083333333333333,3.0,4.666666666666667,2.1,1.2
2.639053216264602,-1.6680855763623108,0.5339037168716239,-0.8375342388246074,2.639053216264602,-1.6680855763623108,3.4166666666666665,4.416666666666667,4.916666666666667,1.5,4.666666666666667,2.0,1.0
-0.20513947957562922,-0.7663464364179351,-0.5516841158976211,-0.40585593745209847,-0.20513947957562922,-0.7663464364179351,3.25,3.5833333333333335,3.75,2.75,3.5,2.2,1.4
-0.2917469594512808,-0.19387624359443187,0.06178055820657432,1.2211547035821115,-0.2917469594512808,-0.19387624359443187,2.9166666666666665,4.5,3.0,2.8333333333333335,3.5,2.7,1.7
-1.7114561185799269,-1.3415996135564807,2.068542669444713,0.11579725707105758,-1.7114561185799269,-1.3415996135564807,1.75,3.9166666666666665,2.4166666666666665,3.6666666666666665,4.416666666666667,2.1,1.0
0.7804015049485928,0.8132233714010279,0.2400755977656034,-0.2051872541667634,0.7804015049485928,0.8132233714010279,3.9166666666666665,3.9166666666666665,4.25,3.3333333333333335,4.083333333333333,3.0,1.8
1.4092024160943004,-2.103899656148891,1.802671082426472,-1.0313374146851164,1.4092024160943004,-2.103899656148891,3.4166666666666665,4.666666666666667,4.416666666666667,3.0,4.833333333333333,1.0,1.0
0.1894387392553682,0.1042779508967012,-0.41178967080100165,-0.12833177223259562,0.1894387392553682,0.1042779508967012,3.25,3.8333333333333335,3.5833333333333335,2.3333333333333335,3.8333333333333335,2.6,1.8
-2.3329035597617875,-1.7651626118964139,0.8142788449996612,1.01374947580873,-2.3329035597617875,-1.7651626118964139,1.5833333333333333,4.0,3.4166666666666665,4.416666666666667,3.1666666666666665,1.7,1.4
1.3194563116539029,-0.5396848638368559,0.03372481751179287,0.15025921230261557,1.3194563116539029,-0.5396848638368559,3.3333333333333335,4.25,4.666666666666667,2.5833333333333335,3.9166666666666665,2.6,1.5
2.9065142274631737,-0.8424728865708376,0.576706689911315,0.33229305135353165,2.9065142274631737,-0.8424728865708376,3.25,4.666666666666667,4.583333333333333,1.3333333333333333,4.583333333333333,3.2,1.0
3.881288843238902,-0.6728046167097802,0.5226122521326175,-0.29238485306822537,3.881288843238902,-0.6728046167097802,4.333333333333333,4.833333333333333,5.0,1.4166666666666667,4.75,2.9,1.0
-1.3490385732636676,1.833286034439776,-0.17463101692350158,-0.06045757732044834,-1.3490385732636676,1.833286034439776,3.3333333333333335,3.4166666666666665,2.75,3.4166666666666665,3.8333333333333335,3.1,2.4
-1.7572217290267467,0.6509450485807258,0.7277377780937428,0.9494577462179616,-1.7572217290267467,0.6509450485807258,2.0,3.4166666666666665,3.75,4.5,3.5833333333333335,3.5,1.8
0.08053151338563838,0.3365042750328907,-1.1114202693283215,1.1916887944082917,0.08053151338563838,0.3365042750328907,4.166666666666667,4.25,2.9166666666666665,2.9166666666666665,2.8333333333333335,3.2,1.5
2.700973401570533,-0.3547276042929668,0.6641901822942303,-1.425580754820065,2.700973401570533,-0.3547276042929668,4.25,4.0,4.416666666666667,1.75,5.0,2.7,1.0
-2.2410331809615354,-0.739082839159191,-0.6065032886911956,1.243880080748874,-2.2410331809615354,-0.739082839159191,1.75,3.3333333333333335,2.8333333333333335,3.3333333333333335,2.75,3.1,1.3
1.8097123686474235,-0.5848959925764099,-1.6543810279727256,0.4415482813057349,1.8097123686474235,-0.5848959925764099,3.25,4.0,4.666666666666667,1.0833333333333333,3.3333333333333335,3.1,1.5
-0.5660380029042078,0.4301178979140296,-0.42536584587514326,-0.4088062593651785,-0.5660380029042078,0.4301178979140296,3.75,3.5,2.8333333333333335,2.9166666666666665,3.6666666666666665,2.7,1.6
-1.6230140109758697,0.5478283699525061,-0.6349478877754603,-0.23078225732142907,-1.6230140109758697,0.5478283699525061,2.25,2.8333333333333335,3.6666666666666665,3.1666666666666665,3.5,3.0,2.0
2.209542937027211,0.3463978805634887,0.2795744715719031,-0.4961520661593793,2.209542937027211,0.3463978805634887,4.25,4.333333333333333,4.0,1.9166666666666667,4.583333333333333,2.9,1.5
-1.2010611494879884,2.6627349399881854,-0.1165861902911288,-0.49503604952005364,-1.2010611494879884,2.6627349399881854,3.3333333333333335,3.0,3.5,3.75,4.083333333333333,3.5,2.7
-1.9456183816868735,0.14926200055625208,-0.6231834935004928,0.8234900023784072,-1.9456183816868735,0.14926200055625208,3.0,3.9166666666666665,2.6666666666666665,3.6666666666666665,2.9166666666666665,2.2,2.1
0.2933226640072268,-0.19110701525305845,2.392897571836163,-0.08178531337538572,0.2933226640072268,-0.19110701525305845,2.5833333333333335,4.166666666666667,4.333333333333333,4.083333333333333,4.916666666666667,2.7,1.4
-0.8166598618670371,1.7868104025197398,-1.3480607763748893,0.2940236355113422,-0.8166598618670371,1.7868104025197398,4.0,3.5,2.8333333333333335,3.0,3.1666666666666665,3.3,2.3
0.6312434981702894,-0.9333491664740184,0.8709569159957335,-0.015741368582275428,0.6312434981702894,-0.9333491664740184,2.3333333333333335,4.0,3.5833333333333335,2.0,4.5,2.8,1.1
-2.518522360761772,-1.9493130507276055,-1.1541712054782272,0.9423981037796686,-2.518522360761772,-1.9493130507276055,2.1666666666666665,3.5833333333333335,2.6666666666666665,3.3333333333333335,2.25,1.8,1.2
-0.5338239087000131,-0.46819619379622823,0.36777124722922844,-0.6892197284307352,-0.5338239087000131,-0.46819619379622823,3.0833333333333335,3.5833333333333335,3.1666666666666665,2.9166666666666665,4.083333333333333,2.2,1.4
1.7479371187218862,-0.03889213287239838,0.1561851887397999,-0.6260862308244257,1.7479371187218862,-0.03889213287239838,4.166666666666667,4.0,4.416666666666667,2.5833333333333335,4.25,2.8,1.3
1.299375207211804,1.4072685212629403,0.06371696455338975,-2.10767530084041,1.299375207211804,1.4072685212629403,4.75,3.25,3.9166666666666665,2.5,4.833333333333333,2.8,1.8
3.140090710077367,-2.1194426580642354,0.38873772029783904,-1.447484859413205,3.140090710077367,-2.1194426580642354,3.8333333333333335,4.583333333333333,4.916666666666667,1.0,4.833333333333333,1.3,1.0
0.7820458968074918,-0.7443545144133982,0.23819661235289788,1.1570867324911522,0.7820458968074918,-0.7443545144133982,2.5833333333333335,4.416666666666667,4.833333333333333,3.0833333333333335,3.5833333333333335,2.9,1.5
0.7296333480089567,1.6871828937716566,0.42824224542422956,-0.833972822585083,0.7296333480089567,1.6871828937716566,4.25,3.8333333333333335,3.75,3.0833333333333335,4.583333333333333,2.9,2.2
-1.8923385038203895,-2.2826333861371486,-0.9494211284386334,0.7324676127781841,-1.8923385038203895,-2.2826333861371486,2.0833333333333335,3.6666666666666665,3.1666666666666665,3.0833333333333335,2.5,1.7,1.1
1.984525882637605,1.3443444533489382,-0.9752732634895822,-0.17956653194505126,1.984525882637605,1.3443444533489382,4.416666666666667,3.9166666666666665,4.583333333333333,2.0833333333333335,3.9166666666666665,3.5,2.0
-3.042471789324068,0.09688984315150995,0.8620464348627859,-1.083275366088923,-3.042471789324068,0.09688984315150995,1.9166666666666667,2.5,2.25,3.8333333333333335,4.166666666666667,2.5,1.5
1.6901926480591116,-0.4547794049040015,0.47311977800766536,0.3938507499939394,1.6901926480591116,-0.4547794049040015,3.3333333333333335,4.166666666666667,4.583333333333333,2.6666666666666665,4.083333333333333,3.4,1.0
-2.5511242338601217,0.030125044529232068,-0.2756064494715608,2.0253081965210527,-2.5511242338601217,0.030125044529232068,2.1666666666666665,3.5833333333333335,3.0833333333333335,4.75,2.4166666666666665,3.5,1.5
-0.3820444578518385,1.0244180540932197,1.1524341825596398,0.42466577641763315,-0.3820444578518385,1.0244180540932197,3.5833333333333335,4.25,3.1666666666666665,4.083333333333333,4.166666666666667,2.9,1.9
1.4683534655937005,1.5718779366100473,0.2768060757564212,-0.04945615941991848,1.4683534655937005,1.5718779366100473,4.25,4.25,4.416666666666667,3.0833333333333335,4.333333333333333,3.2,2.2
3.4768744523040005,-0.3709144280295421,-0.02616788883001524,0.589650913956665,3.4768744523040005,-0.3709144280295421,3.9166666666666665,4.833333333333333,5.0,1.4166666666666667,4.25,3.4,1.2
-1.840409507435427,0.43851180540192486,-0.6093690718583867,-1.014370344998569,-1.840409507435427,0.43851180540192486,3.1666666666666665,3.0,3.0,3.3333333333333335,3.5833333333333335,2.0,2.1
0.6622208513279666,-1.9412978831399184,-0.8069962933610326,-0.9359348527602875,0.6622208513279666,-1.9412978831399184,3.0833333333333335,3.5,4.916666666666667,2.3333333333333335,3.5,1.7,1.1
0.18206186529856982,-0.3545385967774628,0.18938801379118492,0.18197376318558509,0.18206186529856982,-0.3545385967774628,2.4166666666666665,3.6666666666666665,4.416666666666667,2.8333333333333335,3.9166666666666665,3.0,1.5
0.9558984731886728,-0.9120694391355213,-1.8269187388353079,-0.7802496535433376,0.9558984731886728,-0.9120694391355213,3.9166666666666665,3.4166666666666665,4.416666666666667,1.8333333333333333,3.1666666666666665,2.3,1.3
0.29418991586003096,-1.684785784849717,1.7176297327618595,-1.1900767602440305,0.29418991586003096,-1.684785784849717,3.8333333333333335,4.25,4.166666666666667,4.25,4.416666666666667,1.0,1.0
-0.7154711046754197,-0.427366312838532,1.9674653794016492,-1.2918882447482651,-0.7154711046754197,-0.427366312838532,2.4166666666666665,3.4166666666666665,3.6666666666666665,3.6666666666666665,5.0,2.1,1.4
0.48440889693966405,-0.12424143613443858,-1.4281020786239198,0.46254185456074143,0.48440889693966405,-0.12424143613443858,3.5,4.166666666666667,3.4166666666666665,1.6666666666666667,3.25,2.5,1.9
-0.7283983951135328,-0.2777633264417987,0.13015040994744337,0.05787407891838121,-0.7283983951135328,-0.2777633264417987,3.6666666666666665,3.9166666666666665,3.0,3.6666666666666665,3.5,2.3,1.4
0.0038102544623795655,1.204562361856249,-1.2297110206466355,-1.2026118409473963,0.0038102544623795655,1.204562361856249,3.6666666666666665,2.6666666666666665,3.75,2.25,3.8333333333333335,3.4,1.8
0.12253616213695914,-0.9574980875077899,1.743504943883365,0.2894783467066239,0.12253616213695914,-0.9574980875077899,2.5,4.333333333333333,3.5,3.25,4.5,2.5,1.1
0.2716532610905526,-1.1349930675903441,-1.4974193166847667,0.07325389727346096,0.2716532610905526,-1.1349930675903441,3.1666666666666665,3.5,3.9166666666666665,2.0,3.0,2.7,1.1
-1.5829699168300528,1.1754261192865132,-0.23975910469030298,0.18913897444937344,-1.5829699168300528,1.1754261192865132,2.4166666666666665,3.0833333333333335,3.6666666666666665,3.6666666666666665,3.5833333333333335,3.3,2.2
-0.7898254103320392,-0.23344522006512639,0.9083238541912851,-0.4615292883103335,-0.7898254103320392,-0.23344522006512639,3.0833333333333335,3.75,3.1666666666666665,3.5833333333333335,4.166666666666667,2.2,1.5
-0.2987876210772069,-1.8329557645013905,-0.18892968771937185,0.9787658607245584,-0.2987876210772069,-1.8329557645013905,2.4166666666666665,4.25,4.083333333333333,3.0833333333333335,3.0833333333333335,2.1,1.2
-0.677964013947793,-0.3552099192418462,-0.5588726389170316,-0.17822657442977408,-0.677964013947793,-0.3552099192418462,3.1666666666666665,3.4166666666666665,3.75,3.25,3.3333333333333335,2.5,1.5
1.6735054931992814,3.0704260387888724,0.9543676685020005,0.24202584307654898,1.6735054931992814,3.0704260387888724,3.75,4.25,4.666666666666667,3.0833333333333335,5.0,4.1,2.8
0.6331026354646218,1.2505604970763204,-0.7289676398393495,0.28171739404221735,0.6331026354646218,1.2505604970763204,3.3333333333333335,3.6666666666666665,3.8333333333333335,2.1666666666666665,3.8333333333333335,3.7,2.0
-1.0620423392708225,0.029921095598114927,-0.516317178598991,-0.1972637456813885,-1.0620423392708225,0.029921095598114927,2.8333333333333335,3.5833333333333335,2.3333333333333335,2.0833333333333335,3.75,2.4,1.8
-1.0029779772801737,-0.5196413173730103,-0.920314001584738,-0.7168943348099164,-1.0029779772801737,-0.5196413173730103,3.25,3.25,3.3333333333333335,2.8333333333333335,3.3333333333333335,2.0,1.6
1.3892930254263014,0.15723454731889885,-0.8370967005792449,1.565235450209103,1.3892930254263014,0.15723454731889885,2.8333333333333335,4.333333333333333,3.8333333333333335,1.4166666666666667,3.5,4.0,1.5
-0.0839024429591535,-0.3616001211488702,-1.691712592280949,-0.14388621253141767,-0.0839024429591535,-0.3616001211488702,3.8333333333333335,3.5,4.0,2.75,2.8333333333333335,2.4,1.6
-0.19856410793319626,-0.33497243635175417,0.2779961515146841,-0.39648962276330363,-0.19856410793319626,-0.33497243635175417,2.75,3.5,4.083333333333333,3.0833333333333335,4.0,2.6,1.5
-0.7550579397034144,-1.6068570167001421,-1.5270029461132013,-1.0854959387680694,-0.7550579397034144,-1.6068570167001421,2.9166666666666665,2.8333333333333335,4.25,2.5833333333333335,3.0,1.8,1.2
-2.9055676018397563,0.2736963232688143,1.2542005606233684,1.5940119701101705,-2.9055676018397563,0.2736963232688143,1.6666666666666667,4.083333333333333,1.0833333333333333,3.6666666666666665,3.75,3.0,1.7
-1.8154059008481322,0.27973941416798587,-0.5607117926130256,-0.9012167871503154,-1.8154059008481322,0.27973941416798587,3.0833333333333335,2.9166666666666665,3.1666666666666665,3.5,3.5,2.2,1.9
-1.7535233475326568,0.6550478916726349,-1.8964131773429094,0.35895760424347,-1.7535233475326568,0.6550478916726349,3.0833333333333335,3.0833333333333335,2.75,2.75,2.6666666666666665,3.0,2.0
0.7674065351746351,-1.6281566907870657,-1.156068209194037,-1.1511488584893184,0.7674065351746351,-1.6281566907870657,3.9166666666666665,3.75,3.9166666666666665,1.8333333333333333,3.5,1.4,1.2
1.3188214543553218,0.40637729299087033,1.4929092741345649,0.8582726595530273,1.3188214543553218,0.40637729299087033,3.25,4.666666666666667,3.75,3.0,4.583333333333333,3.5,1.4
-1.256231186956012,0.522094448303298,1.8322424281288636,-0.1819706750259445,-1.256231186956012,0.522094448303298,2.9166666666666665,3.9166666666666665,2.5833333333333335,4.083333333333333,4.583333333333333,2.5,1.7
0.49981596888838525,-0.5248261326437097,-0.9456611122666254,1.308201144612515,0.49981596888838525,-0.5248261326437097,3.4166666666666665,4.333333333333333,4.25,3.0,2.8333333333333335,2.9,1.5
4.698718462556348,0.9808812926758629,0.11604818437200479,0.8320097624099431,4.698718462556348,0.9808812926758629,4.666666666666667,5.0,4.833333333333333,1.0,4.666666666666667,4.6,1.2
0.00144866823623401,-1.2235426573245196,0.021198240028279663,-0.6705564347098688,0.00144866823623401,-1.2235426573245196,2.1666666666666665,3.5833333333333335,4.416666666666667,2.25,4.083333333333333,1.9,1.6
-1.8711160490514966,-0.07053513406511212,-0.9481745901076023,-0.5896111464343438,-1.8711160490514966,-0.07053513406511212,2.5833333333333335,3.0,3.1666666666666665,2.9166666666666665,3.3333333333333335,2.1,2.0
4.533057244213734,-0.38952567213677286,0.6169593163820126,-0.23391758279925992,4.533057244213734,-0.38952567213677286,4.5,5.0,5.0,1.0,5.0,3.2,1.0
0.4325584027069153,-1.9388912254702375,-1.3125080209651112,-0.5963292954980667,0.4325584027069153,-1.9388912254702375,2.25,3.0833333333333335,4.916666666666667,1.6666666666666667,3.3333333333333335,2.4,1.0
0.26087031712730624,-0.02928228976414275,-0.30697158500254046,1.376628111566971,0.26087031712730624,-0.02928228976414275,3.5,4.5,3.6666666666666665,3.25,3.1666666666666665,3.0,1.6
0.11864216538490524,-0.6688673462354886,-0.20011315397761906,0.852563850600196,0.11864216538490524,-0.6688673462354886,2.6666666666666665,4.25,3.8333333333333335,2.5833333333333335,3.5,2.6,1.6
0.23522193905822847,0.663398034023606,0.13854511331690958,0.30026826159440184,0.23522193905822847,0.663398034023606,3.6666666666666665,4.0,3.5833333333333335,3.25,3.8333333333333335,3.1,1.7
-1.0366006198087192,1.3970108630353784,-0.9421314105080106,0.1142013553502145,-1.0366006198087192,1.3970108630353784,3.3333333333333335,3.5833333333333335,3.3333333333333335,3.0833333333333335,3.4166666666666665,2.7,2.6
0.3117337948589233,1.2135218465337958,-1.5701008345032441,1.221378150229767,0.3117337948589233,1.2135218465337958,3.5833333333333335,3.8333333333333335,3.4166666666666665,2.25,3.0,4.0,1.9
0.06686684277857238,-1.6541987229954975,-0.2103357804449117,1.02054351812038,0.06686684277857238,-1.6541987229954975,2.6666666666666665,4.416666666666667,3.0833333333333335,2.1666666666666665,3.3333333333333335,2.4,1.0
0.7005016359547023,2.7562135591195713,-0.1363360623415435,1.5353599487754093,0.7005016359547023,2.7562135591195713,3.8333333333333335,4.25,3.3333333333333335,3.0,3.8333333333333335,4.7,2.3
-1.9276434925285544,1.0486016783313872,2.088413406695762,-0.13540982881154354,-1.9276434925285544,1.0486016783313872,1.9166666666666667,3.0,3.0833333333333335,4.583333333333333,4.666666666666667,3.7,1.5
-1.0842804938438415,-0.06184408862899116,-0.8185998191659993,0.33180031175575825,-1.0842804938438415,-0.06184408862899116,2.75,3.4166666666666665,3.4166666666666665,3.0,3.1666666666666665,2.8,1.7
-0.9564003062029995,-0.19982026247235826,-0.311418993112152,1.2918265572224883,-0.9564003062029995,-0.19982026247235826,2.75,3.9166666666666665,3.8333333333333335,3.9166666666666665,2.9166666666666665,3.0,1.6
0.04617939944891087,-2.633398871734505,0.6594457416601146,-0.6825853886238642,0.04617939944891087,-2.633398871734505,2.5,4.083333333333333,4.166666666666667,2.75,4.0,1.0,1.0
0.47261614409786434,0.31457157348596393,-0.15264967304369376,-1.5246061217552165,0.47261614409786434,0.31457157348596393,3.0,2.75,4.583333333333333,2.4166666666666665,4.416666666666667,3.1,1.5
-2.5389421936857492,-0.44675577342626105,0.14492216731472424,0.20955232281743993,-2.5389421936857492,-0.44675577342626105,2.0833333333333335,3.75,2.0,3.0833333333333335,3.5833333333333335,1.7,2.0
0.8331213640085954,0.8497553047859572,0.3908290727682344,-1.441332177319892,0.8331213640085954,0.8497553047859572,4.583333333333333,3.5833333333333335,3.3333333333333335,2.8333333333333335,4.583333333333333,2.7,1.5
2.0324615501867656,0.034131076157140526,-0.09987581627354775,-0.20025650585368818,2.0324615501867656,0.034131076157140526,4.083333333333333,4.166666666666667,4.25,2.0833333333333335,4.166666666666667,3.1,1.3
-1.587962107586897,-0.558000507999018,2.9154400410715935,0.7190883363726329,-1.587962107586897,-0.558000507999018,2.1666666666666665,4.416666666666667,2.4166666666666665,4.666666666666667,4.583333333333333,2.4,1.2
-1.0969450244191903,0.031171417601784445,-0.6555365968882463,-1.8983864284165843,-1.0969450244191903,0.031171417601784445,3.0833333333333335,2.8333333333333335,3.25,2.3333333333333335,4.083333333333333,1.7,2.0
-5.3284076373696,-1.9548157914335316,-1.1154010575306974,0.7075562951342569,-5.3284076373696,-1.9548157914335316,1.0833333333333333,2.5833333333333335,2.3333333333333335,4.833333333333333,1.75,1.5,1.4
-0.499770785948423,2.176547004981103,-1.7972275279428835,0.6642501710471012,-0.499770785948423,2.176547004981103,2.75,3.3333333333333335,4.166666666666667,2.3333333333333335,3.25,3.7,3.0
-1.642177493655748,-0.387625803029384,-0.5339926718461938,2.111837273221815,-1.642177493655748,-0.387625803029384,2.25,4.333333333333333,2.75,3.3333333333333335,2.6666666666666665,2.8,1.8
-0.11290336301679832,2.683999564507587,1.6272310296596162,0.1419154544327062,-0.11290336301679832,2.683999564507587,3.9166666666666665,4.083333333333333,3.3333333333333335,4.416666666666667,4.75,3.6,2.4
0.14899320410521721,0.4695231146929304,0.6872124888133188,1.74838440526592,0.14899320410521721,0.4695231146929304,2.8333333333333335,4.666666666666667,2.5,2.5833333333333335,3.9166666666666665,3.7,1.5
-0.9914610466541282,-0.04203411594236164,-0.31563970530729746,-0.8525787157745871,-0.9914610466541282,-0.04203411594236164,3.25,3.0,3.3333333333333335,3.25,3.6666666666666665,2.6,1.4
1.3081144899883521,-0.816652378414243,-0.21771094858857332,-0.8039755105789923,1.3081144899883521,-0.816652378414243,3.6666666666666665,3.9166666666666665,3.8333333333333335,1.75,4.166666666666667,2.3,1.2
0.5657877496573394,1.3769555214975133,1.9399231901172234,-0.09252728088312233,0.5657877496573394,1.3769555214975133,2.6666666666666665,3.5833333333333335,4.75,4.0,5.0,4.0,1.7
0.005307147299011564,-0.3496789461013652,1.2506259172528835,2.1435740873279414,0.005307147299011564,-0.3496789461013652,2.0,4.75,4.0,3.6666666666666665,3.75,3.4,1.5
0.1274650262317647,-1.1357371875854052,-0.012509205672552553,-0.5114970997821573,0.1274650262317647,-1.1357371875854052,3.25,3.8333333333333335,3.5833333333333335,2.5833333333333335,3.8333333333333335,2.0,1.2
-2.1939988083154747,-0.34299244562934017,-2.0072146401919473,1.2371390079776796,-2.1939988083154747,-0.34299244562934017,2.5,3.6666666666666665,1.9166666666666667,2.1666666666666665,2.3333333333333335,2.5,1.9
0.1909471338353313,0.9813215002499728,-0.27564484104806286,-0.25760648653427093,0.1909471338353313,0.9813215002499728,3.3333333333333335,3.4166666666666665,3.75,2.6666666666666665,4.0,3.4,1.8
0.41232443042329825,0.7568265435000157,-1.0435157154257884,0.5094137062915227,0.41232443042329825,0.7568265435000157,3.25,3.6666666666666665,4.083333333333333,2.4166666666666665,3.4166666666666665,3.5,1.9
-2.3514329923622954,5.0761926731154965,0.3740413901814763,-0.9692409032024142,-2.3514329923622954,5.0761926731154965,3.5,2.5,2.6666666666666665,4.416666666666667,4.666666666666667,4.1,3.6
-0.8930171330213991,-0.5763745445933492,-1.160175265773208,-0.3799860849603535,-0.8930171330213991,-0.5763745445933492,3.4166666666666665,3.25,2.6666666666666665,2.4166666666666665,3.1666666666666665,2.5,1.2
-2.292192015014602,1.8144798197162193,-0.32454149535668403,-1.1828614365632133,-2.292192015014602,1.8144798197162193,2.75,2.5833333333333335,3.5833333333333335,3.9166666666666665,3.9166666666666665,2.5,2.8
2.1529859567756593,-0.07607010923975897,1.241956761832371,0.7385865521552688,2.1529859567756593,-0.07607010923975897,3.3333333333333335,4.666666666666667,4.25,2.5,4.583333333333333,3.6,1.1
-1.9813528414098778,-0.5659851878322486,0.0273924115035936,1.1425023809991965,-1.9813528414098778,-0.5659851878322486,2.4166666666666665,3.75,2.1666666666666665,3.5,3.0833333333333335,2.9,1.2
0.4942207124034779,0.702103620283524,0.7415518919928417,-0.3287055449198347,0.4942207124034779,0.702103620283524,3.5833333333333335,4.0,2.9166666666666665,2.5,4.583333333333333,3.0,1.6
0.4980852848850718,-0.21999013238454,-0.26628199333956293,-0.9322627325873227,0.4980852848850718,-0.21999013238454,3.9166666666666665,3.5,4.25,3.0833333333333335,3.8333333333333335,2.4,1.4
-0.7078501936865625,-0.9974610677818889,-0.8885540127108241,0.7399802878744527,-0.7078501936865625,-0.9974610677818889,2.5833333333333335,3.6666666666666665,3.6666666666666665,2.8333333333333335,2.9166666666666665,2.7,1.3
-1.1491750787637731,-1.7732049229689502,0.12394053462608437,0.5629683026501641,-1.1491750787637731,-1.7732049229689502,1.75,3.8333333333333335,3.0,2.5,3.5,2.2,1.1
0.747822361977073,-0.30144124325209426,0.1583481254935333,-0.83187803971491,0.747822361977073,-0.30144124325209426,4.0,3.9166666666666665,4.5,3.3333333333333335,4.0,2.0,1.6
-0.48508993532488864,-0.7849708545672104,-0.8382236406034326,-0.2925144391228968,-0.48508993532488864,-0.7849708545672104,3.1666666666666665,3.5833333333333335,3.5,2.5833333333333335,3.3333333333333335,2.1,1.5
-0.2671908711925746,-0.0043487396112909995,0.4303043428988258,-0.09313285059790945,-0.2671908711925746,-0.0043487396112909995,2.8333333333333335,4.0,3.8333333333333335,3.0833333333333335,4.083333333333333,2.2,2.0
1.6285425878152455,-3.6251650335738983,0.06511364410981364,0.3749204905545238,1.6285425878152455,-3.6251650335738983,1.9166666666666667,4.916666666666667,4.916666666666667,1.1666666666666667,3.8333333333333335,1.0,1.0
-0.3761329842553985,-1.8347650819617047,0.34759981429498377,-0.09060160684589517,-0.3761329842553985,-1.8347650819617047,2.25,3.8333333333333335,3.5,2.5,3.8333333333333335,2.0,1.0
-0.41506283533911253,0.4839394057515026,-0.858192844078735,1.299901898740985,-0.41506283533911253,0.4839394057515026,3.1666666666666665,3.9166666666666665,3.75,3.3333333333333335,2.9166666666666665,3.4,1.8
0.3235266557789592,0.5299304140862534,0.3500359865192091,0.6464078583671617,0.3235266557789592,0.5299304140862534,3.0833333333333335,3.9166666666666665,3.75,3.0833333333333335,3.9166666666666665,3.6,1.5
0.7168444419586093,-0.8933130201841828,0.37290146889616743,-0.22405571932368568,0.7168444419586093,-0.8933130201841828,2.75,3.9166666666666665,4.25,2.4166666666666665,4.166666666666667,2.5,1.3
-0.7429698287747375,0.1271720358685461,0.6372963403218863,-0.07991304223612061,-0.7429698287747375,0.1271720358685461,2.5833333333333335,3.6666666666666665,3.6666666666666665,3.4166666666666665,4.083333333333333,2.6,1.8
-0.3487603811965402,0.268031982267183,-1.075856285180155,1.766833692819574,-0.3487603811965402,0.268031982267183,3.3333333333333335,4.166666666666667,3.25,3.0833333333333335,2.6666666666666665,3.5,1.6
-0.8607198145846903,-1.315220701950351,-1.7104462501618616,0.1379144735575659,-0.8607198145846903,-1.315220701950351,2.5833333333333335,3.4166666666666665,3.6666666666666665,2.1666666666666665,2.75,2.1,1.5
-0.5590935785389167,-0.03555769316589388,-0.8787676804998882,-1.47051063818362,-0.5590935785389167,-0.03555769316589388,4.0,3.0833333333333335,4.083333333333333,3.4166666666666665,3.5,1.8,1.8
0.7260377081233362,1.4269159113487029,0.34949706460490204,0.06191964519240828,0.7260377081233362,1.4269159113487029,4.5,4.5,2.5,2.5833333333333335,4.333333333333333,2.9,2.0
0.15650930926311898,-1.019122147687158,-2.567519623757058,0.21360895089006676,0.15650930926311898,-1.019122147687158,3.75,3.5,3.9166666666666665,2.0,2.3333333333333335,2.5,1.3
-1.8441773171254987,-3.1041575408629978,2.0187338258066982,0.7067957030018375,-1.8441773171254987,-3.1041575408629978,1.0,4.333333333333333,4.0,4.5,3.75,1.0,1.0
0.830822554422055,0.6072251447380637,0.13291225169065493,0.5272676961382532,0.830822554422055,0.6072251447380637,3.4166666666666665,3.8333333333333335,3.8333333333333335,2.8333333333333335,3.9166666666666665,3.9,1.3
-1.923152152437314,3.2584684109744315,-2.0644139706151723,-1.6335930982196958,-1.923152152437314,3.2584684109744315,3.3333333333333335,2.0833333333333335,3.1666666666666665,2.4166666666666665,3.75,3.1,3.4
-1.6644724051631714,1.5979373505757297,-0.07878654048532908,-0.7179684167731418,-1.6644724051631714,1.5979373505757297,3.25,3.0833333333333335,2.6666666666666665,3.4166666666666665,4.0,2.8,2.3
0.866490351550294,0.40987315587685946,-0.18610496074838836,-0.03991440077829335,0.866490351550294,0.40987315587685946,3.5833333333333335,3.75,4.083333333333333,2.6666666666666665,3.9166666666666665,3.3,1.5
-0.9596758456267734,-1.7605978500862285,-0.11536962875465619,-0.9691691968501024,-0.9596758456267734,-1.7605978500862285,3.0833333333333335,3.5,3.6666666666666665,3.3333333333333335,3.5,1.2,1.2
0.5371293467118351,0.024430532585087043,-0.5974930460433926,-0.40513661965452386,0.5371293467118351,0.024430532585087043,3.75,3.75,3.75,2.4166666666666665,3.75,2.6,1.6
2.4222084178524144,-0.2537649849764073,0.03623023243843177,0.7233792080779411,2.4222084178524144,-0.2537649849764073,3.9166666666666665,4.5,4.5,2.25,3.9166666666666665,3.6,1.0
0.2568363305083164,-0.12759472792992033,0.10366017786671837,-1.5050299913936849,0.2568363305083164,-0.12759472792992033,4.25,3.5,3.5833333333333335,3.0833333333333335,4.166666666666667,2.0,1.4
0.2590760745129239,-1.3057142304242044,0.5742457182909112,2.7872348138259233,0.2590760745129239,-1.3057142304242044,1.3333333333333333,4.916666666666667,4.166666666666667,2.75,3.3333333333333335,3.4,1.3
-2.167915148393908,0.7616564778432249,0.5545421571907093,-1.5410830317964912,-2.167915148393908,0.7616564778432249,2.5,2.5,2.6666666666666665,3.4166666666666665,4.416666666666667,2.6,1.8
-0.562920491686541,-0.17240327636444597,-0.062134286891429955,0.4825297341523046,-0.562920491686541,-0.17240327636444597,2.4166666666666665,3.4166666666666665,4.083333333333333,3.3333333333333335,3.5,3.3,1.4
-0.612171418982453,-0.6487771346386539,-0.9043472571330352,-1.1581177595439074,-0.612171418982453,-0.6487771346386539,3.1666666666666665,2.9166666666666665,3.9166666666666665,2.75,3.5,2.2,1.4
-0.2831928502421034,-1.5195265103829494,-0.7370280551012295,-0.4059984721910158,-0.2831928502421034,-1.5195265103829494,3.1666666666666665,3.8333333333333335,3.6666666666666665,2.5,3.3333333333333335,1.5,1.4
3.2474497645497666,0.0513670193934104,-0.41439746745620515,1.009985371185987,3.2474497645497666,0.0513670193934104,3.75,4.5,4.666666666666667,1.25,4.0,4.3,1.0
3.5919839406977982,2.5580760201084245,0.3360418120148128,0.21037055499541887,3.5919839406977982,2.5580760201084245,4.666666666666667,4.416666666666667,4.5,1.6666666666666667,5.0,4.8,1.9
-0.7321527079023427,1.2529175898994307,0.5839236601297814,0.17155910891724868,-0.7321527079023427,1.2529175898994307,3.0833333333333335,3.75,2.5,3.0,4.25,3.3,1.9
-0.843896283557275,-0.2792608914905812,-0.6844321825841527,0.7380596665642543,-0.843896283557275,-0.2792608914905812,2.5,3.75,3.6666666666666665,2.9166666666666665,3.1666666666666665,2.7,1.8
1.606357047838209,-3.416938833165084,-1.5258736434282094,0.8465697564517356,1.606357047838209,-3.416938833165084,2.5833333333333335,4.833333333333333,4.916666666666667,1.0,2.8333333333333335,1.2,1.1
-1.5216194826314564,-0.057113726221742,-0.09924161363800212,-0.6870523479825069,-1.5216194826314564,-0.057113726221742,2.75,2.9166666666666665,3.3333333333333335,3.5,3.6666666666666665,2.6,1.5
0.2544116391225117,0.20666344254844435,-0.5576834041006729,0.38341603741359664,0.2544116391225117,0.20666344254844435,3.3333333333333335,3.6666666666666665,3.6666666666666665,2.6666666666666665,3.5,3.4,1.4
1.066372532919351,0.7560418118825672,0.9519886291071467,0.9222180934847458,1.066372532919351,0.7560418118825672,3.5,4.833333333333333,3.1666666666666665,2.5833333333333335,4.416666666666667,3.2,1.8
-1.2453958717051723,-1.2733885346515275,0.29984718160803187,-0.744154965336342,-1.2453958717051723,-1.2733885346515275,2.5833333333333335,3.5833333333333335,3.3333333333333335,3.1666666666666665,3.8333333333333335,1.4,1.5
-3.2239761048801068,-0.8746413013126536,0.13804108438984294,-0.9426567857603442,-3.2239761048801068,-0.8746413013126536,2.5,2.5,2.25,4.25,3.3333333333333335,2.1,1.0
1.1249061172908408,1.291107443657463,0.3383134753618163,0.6939497206552718,1.1249061172908408,1.291107443657463,3.75,4.416666666666667,4.25,3.1666666666666665,4.083333333333333,3.4,2.1
-1.4395218741871143,-1.9447108960358577,-0.15763837843747025,-1.3086571076181328,-1.4395218741871143,-1.9447108960358577,2.8333333333333335,3.1666666666666665,3.0833333333333335,3.0,3.5833333333333335,1.2,1.0
0.5634821876666642,-1.0237818591930088,0.21865323287081823,-0.3722052602073981,0.5634821876666642,-1.0237818591930088,2.8333333333333335,3.8333333333333335,3.1666666666666665,1.6666666666666667,4.25,2.6,1.0
-2.508541852567702,-0.696111259659743,0.9008664515989476,0.3789035577038091,-2.508541852567702,-0.696111259659743,1.9166666666666667,3.75,2.5833333333333335,4.0,3.6666666666666665,1.9,1.7
-2.155778283043019,2.0196805950457186,-1.9914717029638724,0.22568146737903938,-2.155778283043019,2.0196805950457186,2.9166666666666665,3.0,2.9166666666666665,2.8333333333333335,2.9166666666666665,3.0,3.0
-1.5523351055162251,-0.17224610873801274,1.1914837958194577,0.044262876530239886,-1.5523351055162251,-0.17224610873801274,2.0,3.3333333333333335,3.4166666666666665,4.0,4.083333333333333,2.9,1.4
1.5130126667810533,2.1127675524644878,0.7880180616549752,-1.190386774545578,1.5130126667810533,2.1127675524644878,4.916666666666667,3.75,3.9166666666666665,3.25,4.916666666666667,3.4,1.9
1.3098879839447022,0.27745689567146986,-0.538659041634472,0.19630399457067776,1.3098879839447022,0.27745689567146986,3.75,4.166666666666667,4.0,2.0833333333333335,3.8333333333333335,3.0,1.7
0.12528740933878224,-0.3775184991820158,-0.7999855678267503,0.051276014968021956,0.12528740933878224,-0.3775184991820158,3.5833333333333335,3.8333333333333335,3.6666666666666665,2.6666666666666665,3.3333333333333335,2.5,1.5
1.169214654536482,0.2579156993942175,-0.31700257026772993,-0.1469309751425388,1.169214654536482,0.2579156993942175,3.8333333333333335,4.25,3.5833333333333335,1.9166666666666667,4.083333333333333,2.6,1.8
0.9052518392694964,-0.5060639101236074,1.3074014788631043,-0.8870129407697368,0.9052518392694964,-0.5060639101236074,3.75,4.25,3.5833333333333335,2.9166666666666665,4.75,2.0,1.3
-0.01922082133971409,0.24810119949761283,-0.5173048420009,-1.2207052868309627,-0.01922082133971409,0.24810119949761283,3.6666666666666665,3.25,3.5833333333333335,2.5,4.0,2.4,1.7
-2.142534003472002,-2.0152999366313162,-1.5272099869010067,1.4201705181146915,-2.142534003472002,-2.0152999366313162,1.75,3.6666666666666665,2.75,2.5833333333333335,2.1666666666666665,2.2,1.2
-0.9515709085511,2.161315935866572,1.241630139147067,1.5251696008424953,-0.9515709085511,2.161315935866572,3.25,4.333333333333333,2.6666666666666665,4.416666666666667,4.0,3.9,2.2
-0.6419758358629102,0.5400369863475082,-1.129518952252964,-1.7648219916603785,-0.6419758358629102,0.5400369863475082,3.6666666666666665,2.5,3.6666666666666665,2.6666666666666665,3.75,2.6,1.7
0.9370987689037572,-0.23990520008430458,0.46773620204135996,0.2405535915152068,0.9370987689037572,-0.23990520008430458,3.5,4.0,3.8333333333333335,2.9166666666666665,4.0,3.3,1.0
-0.7809414498730275,-0.7684509534229059,0.3172905198044153,0.26919274898168427,-0.7809414498730275,-0.7684509534229059,3.25,4.166666666666667,3.25,3.6666666666666665,3.5,1.9,1.5
1.697133449368357,-1.0997871951395313,0.5477869825777182,1.2309121511078827,1.697133449368357,-1.0997871951395313,2.3333333333333335,4.583333333333333,4.333333333333333,1.8333333333333333,4.083333333333333,3.4,1.0
2.2983694558300676,-0.595287970262366,-1.1614797637302687,1.1980787746667079,2.2983694558300676,-0.595287970262366,4.25,4.666666666666667,4.416666666666667,2.0,3.0833333333333335,3.3,1.1
0.2890100065572118,0.03162076973701513,0.46787893610394504,-0.29539954067252167,0.2890100065572118,0.03162076973701513,3.25,3.9166666666666665,4.0,3.0833333333333335,4.166666666666667,2.5,1.7
2.0521953986205075,2.2424997685526202,1.380854778820462,1.140910769288905,2.0521953986205075,2.2424997685526202,4.0,4.583333333333333,4.333333333333333,3.5,4.666666666666667,4.7,1.8
-0.01611806815555735,-2.315816938678504,-0.03162437555848347,1.8591446111590517,-0.01611806815555735,-2.315816938678504,1.6666666666666667,4.75,3.6666666666666665,2.1666666666666665,3.1666666666666665,2.3,1.1
2.5536329697327913,-0.2585408879946903,0.46528890120638117,-0.45908854911395935,2.5536329697327913,-0.2585408879946903,3.9166666666666665,4.416666666666667,4.416666666666667,1.75,4.666666666666667,2.8,1.3
-1.9329281477103422,0.9984580191840714,-0.26637878596460934,-0.49637752353119435,-1.9329281477103422,0.9984580191840714,2.8333333333333335,3.0833333333333335,2.75,3.3333333333333335,3.75,2.6,2.2
-2.8005621212056475,-2.2713976932322293,-0.026075765487376775,-0.4905633828160611,-2.8005621212056475,-2.2713976932322293,2.0833333333333335,3.0833333333333335,3.0833333333333335,4.083333333333333,3.0,1.2,1.0
0.5875080860124482,-0.08139743652326284,0.6750773262092329,0.46529166964159946,0.5875080860124482,-0.08139743652326284,2.75,3.9166666666666665,3.8333333333333335,2.75,4.166666666666667,3.5,1.2
-1.157333811107211,2.234146022105036,-0.2867526789513406,0.4358589497928301,-1.157333811107211,2.234146022105036,3.6666666666666665,3.4166666666666665,2.75,3.75,3.5833333333333335,3.8,2.2
-0.662638131058809,-1.299857215527892,-1.201175228978405,-0.656174615891266,-0.662638131058809,-1.299857215527892,2.9166666666666665,3.3333333333333335,3.5,2.1666666666666665,3.25,1.8,1.4
0.4275336322064613,-0.7756562424220395,1.5603779289525965,-0.3672420239167358,0.4275336322064613,-0.7756562424220395,3.0,4.083333333333333,3.8333333333333335,3.3333333333333335,4.583333333333333,2.4,1.1
0.14014938376539757,0.0053987616053030535,-1.109824517963891,0.8993896611286274,0.14014938376539757,0.0053987616053030535,3.75,4.166666666666667,3.25,2.5833333333333335,3.0,2.9,1.6
0.8854629824194414,-1.6067928963624902,-1.4309563680409676,1.1029325470306115,0.8854629824194414,-1.6067928963624902,3.5833333333333335,4.416666666666667,4.25,2.4166666666666665,2.5833333333333335,2.4,1.1
0.10353959888051224,-1.1099849255508443,-1.027380579694642,0.2621794572193429,0.10353959888051224,-1.1099849255508443,3.0,3.6666666666666665,3.6666666666666665,2.1666666666666665,3.1666666666666665,2.7,1.1
2.9288328097670777,0.5504915307906382,-0.33536593373590856,0.7799921743309566,2.9288328097670777,0.5504915307906382,4.083333333333333,4.25,4.5,1.75,4.0,4.5,1.0
-1.8730813428414013,2.5027728564947407,-1.9910858950027883,0.9787964723327285,-1.8730813428414013,2.5027728564947407,3.25,3.4166666666666665,2.75,3.0,2.75,3.4,3.1
-1.164148312421913,0.21656327313736254,0.31726318751041066,-0.33096987714257875,-1.164148312421913,0.21656327313736254,3.1666666666666665,3.5833333333333335,3.5833333333333335,4.0,3.75,2.2,1.9
-0.0045909388025293756,2.673406111971807,-1.9067515317843649,-0.22689219022362134,-0.0045909388025293756,2.673406111971807,4.416666666666667,3.5,3.5,2.4166666666666665,3.4166666666666665,3.2,3.0
2.4311228321394647,-0.3772291196001669,-0.5873703408566715,0.03325680883441499,2.4311228321394647,-0.3772291196001669,3.75,4.25,4.166666666666667,1.0833333333333333,4.083333333333333,3.2,1.2
0.8210340459710183,0.07900132328673637,-0.6183196318818597,0.39950440580526825,0.8210340459710183,0.07900132328673637,2.6666666666666665,3.6666666666666665,4.416666666666667,2.0,3.75,3.5,1.6
-0.14930808013906682,0.6265792472686701,0.14798271982638855,0.5692435323295811,-0.14930808013906682,0.6265792472686701,2.5833333333333335,3.6666666666666665,3.6666666666666665,2.8333333333333335,3.9166666666666665,3.6,1.7
-0.08680243669151018,-0.5676056982222741,-0.5109216415721918,0.38539065353744534,-0.08680243669151018,-0.5676056982222741,3.1666666666666665,3.75,3.5,2.75,3.3333333333333335,2.9,1.2
1.47616619275707,0.6693034465554603,0.370800794192117,0.8017537624019497,1.47616619275707,0.6693034465554603,3.5,4.5,4.0,2.5,4.166666666666667,3.5,1.7
-1.5645422159552382,-1.473482930507237,-2.6955296710457763,-0.16630646584043382,-1.5645422159552382,-1.473482930507237,2.3333333333333335,2.75,4.166666666666667,2.3333333333333335,2.1666666666666665,2.0,1.6
-0.2678987800268135,0.5574087994048749,-0.7267571959487622,0.34654601526517637,-0.2678987800268135,0.5574087994048749,3.75,3.8333333333333335,3.6666666666666665,3.3333333333333335,3.25,2.8,1.9
-0.44886432198133236,-2.050198165121021,1.1510851795901518,-0.5551256736920511,-0.44886432198133236,-2.050198165121021,2.75,4.0,4.0,3.75,4.0,1.3,1.0
-1.8083105364667404,-1.3690405184986556,-0.6389159579514182,-0.49614833086968874,-1.8083105364667404,-1.3690405184986556,2.0833333333333335,3.1666666666666665,3.1666666666666665,2.6666666666666665,3.3333333333333335,1.7,1.5
-0.5823937659206501,2.5318052966906235,-0.6432341556607741,0.036278649342017896,-0.5823937659206501,2.5318052966906235,2.8333333333333335,3.25,3.4166666666666665,2.4166666666666665,4.083333333333333,3.8,2.8
-0.3122771294854263,-0.2544588768255181,1.2816827423976456,0.10022502387627155,-0.3122771294854263,-0.2544588768255181,3.0833333333333335,4.083333333333333,3.5833333333333335,3.9166666666666665,4.166666666666667,2.5,1.4
2.001411649754901,0.744293754969647,-0.026596972516283224,-0.6649200407841526,2.001411649754901,0.744293754969647,4.666666666666667,3.8333333333333335,3.9166666666666665,2.3333333333333335,4.333333333333333,3.5,1.2
3.7747765037387033,-0.7762553946391797,-0.2022796700750935,-0.9001816461649997,3.7747765037387033,-0.7762553946391797,4.5,4.416666666666667,5.0,1.0,4.583333333333333,2.7,1.0
1.6552697023709697,0.5218161289024802,0.5556501514899506,-0.6526298108086155,1.6552697023709697,0.5218161289024802,3.9166666666666665,3.9166666666666665,4.416666666666667,2.6666666666666665,4.583333333333333,3.1,1.5
0.2548715279101019,-1.8641686898170728,-0.5981590827075124,-0.22220537740749205,0.2548715279101019,-1.8641686898170728,2.75,3.8333333333333335,3.9166666666666665,2.0,3.5,1.9,1.1
-1.9079089900012511,1.4414148887950424,-2.2311395716745577,0.9666616483112846,-1.9079089900012511,1.4414148887950424,3.0833333333333335,2.8333333333333335,2.8333333333333335,3.0833333333333335,2.3333333333333335,4.0,2.0
0.07751153360614481,-1.7975365679040796,-0.9250614533514621,0.09206658765052407,0.07751153360614481,-1.7975365679040796,2.5833333333333335,4.083333333333333,3.8333333333333335,1.75,3.3333333333333335,1.6,1.5
0.9322255254561346,0.6990624025719775,-0.5528982952400849,0.5133965253707847,0.9322255254561346,0.6990624025719775,3.4166666666666665,3.9166666666666665,3.9166666666666665,2.25,3.75,3.6,1.7
1.9118449975066674,-1.0823821589218359,0.5339766517995012,0.9207327777251101,1.9118449975066674,-1.0823821589218359,3.4166666666666665,4.75,4.75,2.8333333333333335,3.8333333333333335,2.9,1.0
-0.7483174958984989,-0.8126577694233045,0.01111151233082966,-0.3972259661400591,-0.7483174958984989,-0.8126577694233045,2.6666666666666665,3.5,3.0833333333333335,2.5833333333333335,3.8333333333333335,2.3,1.3
0.07301534123813572,3.1528768740779127,-0.29826578041865726,-1.1415521699019093,0.07301534123813572,3.1528768740779127,4.416666666666667,2.8333333333333335,3.8333333333333335,3.5,4.333333333333333,4.0,2.4
-1.9437733414808656,-0.10855400857298156,-0.68339165738145,-0.6082994137480522,-1.9437733414808656,-0.10855400857298156,2.8333333333333335,3.0833333333333335,3.0833333333333335,3.3333333333333335,3.3333333333333335,2.0,1.9
0.4504293335782112,-1.6205750580515832,-0.725228080526211,0.6963166922178935,0.4504293335782112,-1.6205750580515832,3.0,4.25,4.166666666666667,2.5,3.0833333333333335,2.2,1.2
-0.4285942732838034,-2.5257860609589264,-0.13380032381949633,-0.26021895269334,-0.4285942732838034,-2.5257860609589264,2.4166666666666665,3.9166666666666665,4.083333333333333,2.75,3.4166666666666665,1.2,1.1
-1.0354410554833473,1.0487326686834724,0.9071360642135089,0.7958304883229331,-1.0354410554833473,1.0487326686834724,3.6666666666666665,4.416666666666667,2.0,3.8333333333333335,3.9166666666666665,2.8,1.9
-1.5570876708501593,-1.0011159430015988,0.33657019359254725,0.15127013232997932,-1.5570876708501593,-1.0011159430015988,2.25,3.6666666666666665,2.5833333333333335,3.0,3.6666666666666665,2.2,1.3
-0.21740190992198585,1.011925551667159,2.6433524698576716,1.242768838941758,-0.21740190992198585,1.011925551667159,2.25,4.583333333333333,3.6666666666666665,4.333333333333333,4.833333333333333,3.5,1.9
-0.06913899929041478,0.47478064788663477,0.8458113076693039,0.29034546025122177,-0.06913899929041478,0.47478064788663477,2.9166666666666665,3.9166666666666665,3.8333333333333335,3.5,4.166666666666667,3.1,1.7
2.2582310659453557,1.7049583582650574,-0.7137492279195008,-0.05914563848531662,2.2582310659453557,1.7049583582650574,4.0,4.416666666666667,4.916666666666667,1.6666666666666667,4.333333333333333,3.0,2.8
-1.9907114797529626,0.5148743794962033,-0.5622747444090161,1.0751569885508092,-1.9907114797529626,0.5148743794962033,2.6666666666666665,3.5,2.75,3.75,2.9166666666666665,3.2,1.8
-0.9556812962208601,-0.2630708221869957,0.3509102903855406,0.4330800745091678,-0.9556812962208601,-0.2630708221869957,2.5833333333333335,3.8333333333333335,2.9166666666666665,3.0833333333333335,3.75,2.7,1.5
-1.81619542559525,1.1253104637401865,1.0072491600208533,-1.2452804896286611,-1.81619542559525,1.1253104637401865,2.75,2.75,3.5833333333333335,4.416666666666667,4.416666666666667,2.7,2.0
4.634406020641653,-0.08730645680238057,0.3534844045373259,-0.33749553626922846,4.634406020641653,-0.08730645680238057,4.916666666666667,5.0,4.916666666666667,1.0,4.916666666666667,3.2,1.1
-1.900649219093605,0.9882428627547113,0.5212602638914988,0.5163627971935454,-1.900649219093605,0.9882428627547113,3.1666666666666665,3.9166666666666665,1.8333333333333333,3.75,3.75,2.7,2.0
-0.22966466222612572,-0.3176926464103674,0.7179324241095378,2.138728439215364,-0.22966466222612572,-0.3176926464103674,2.0833333333333335,4.666666666666667,3.75,3.4166666666666665,3.5,3.3,1.6
0.15377238255769204,0.45342347552645734,0.7501297653991774,-0.46308753028492294,0.15377238255769204,0.45342347552645734,3.9166666666666665,3.6666666666666665,4.0,4.083333333333333,4.083333333333333,2.9,1.4
1.8615811609572628,0.6698235885846209,0.4852951293297711,0.18093069817517232,1.8615811609572628,0.6698235885846209,4.166666666666667,4.083333333333333,3.6666666666666665,2.5,4.333333333333333,4.0,1.0
1.3088144906784775,-0.7346936478401977,0.05124109557859692,-1.088664780818789,1.3088144906784775,-0.7346936478401977,3.0,3.5833333333333335,4.416666666666667,1.6666666666666667,4.5,2.5,1.3
-0.6541692416491103,0.8400415320438017,-0.2565048950905845,-1.4245838924454237,-0.6541692416491103,0.8400415320438017,3.5833333333333335,3.25,4.0,3.3333333333333335,4.083333333333333,1.9,2.4
1.1306567095003242,0.09427671297058668,0.4853312434210655,0.4205011550513807,1.1306567095003242,0.09427671297058668,3.5,4.416666666666667,3.75,2.5833333333333335,4.166666666666667,3.0,1.5
-0.7591342742961331,0.4459178404527053,0.09048288938738266,0.9200366573538812,-0.7591342742961331,0.4459178404527053,3.25,3.9166666666666665,2.9166666666666665,3.5833333333333335,3.4166666666666665,3.3,1.5
0.4214275754659663,3.087208386909066,-1.3120765646388635,0.23062335159714606,0.4214275754659663,3.087208386909066,3.5833333333333335,3.5,3.75,2.0,3.9166666666666665,4.1,3.0
-0.5162908124309071,-0.20139179303394053,1.0552724428692128,-0.7089624759746426,-0.5162908124309071,-0.20139179303394053,3.25,4.0,2.25,2.6666666666666665,4.583333333333333,2.0,1.5
-1.2934389424139172,0.6672295082255125,-0.7521920667521655,-0.14175097608383008,-1.2934389424139172,0.6672295082255125,3.3333333333333335,3.0,3.1666666666666665,3.5,3.25,3.2,1.6
-1.639644537115737,-1.233271965755447,-0.6971662925475901,-0.13682680943290612,-1.639644537115737,-1.233271965755447,2.4166666666666665,3.0,3.5,3.3333333333333335,3.0,2.4,1.1
-4.107970570996472,0.41020088876522104,1.5724725620725206,-1.2472504574306125,-4.107970570996472,0.41020088876522104,1.4166666666666667,2.25,2.4166666666666665,4.916666666666667,4.333333333333333,2.3,1.8
1.2033562587526714,0.16775903250230287,0.2749508925079329,-0.1854953200287503,1.2033562587526714,0.16775903250230287,3.5,3.8333333333333335,4.5,2.8333333333333335,4.166666666666667,3.2,1.4
-1.2043877120579245,-1.9103121959596123,0.05280705015021727,0.5159703698403729,-1.2043877120579245,-1.9103121959596123,2.0,4.0,3.75,3.25,3.25,1.6,1.4
-1.7421072568948672,-2.6255936031452647,2.070657934048331,0.9584650092405534,-1.7421072568948672,-2.6255936031452647,1.0,4.583333333333333,4.083333333333333,4.5,3.8333333333333335,1.0,1.4
-1.7942436819671466,1.0890540115888965,0.5750324583640926,0.7975697287498487,-1.7942436819671466,1.0890540115888965,2.75,3.6666666666666665,2.5833333333333335,4.083333333333333,3.6666666666666665,3.3,1.9
1.5359938016479733,-0.13448354455866932,1.204493291345401,0.06430743494620851,1.5359938016479733,-0.13448354455866932,2.9166666666666665,4.25,3.8333333333333335,2.0833333333333335,4.833333333333333,3.3,1.2
1.1908102381164856,1.4107221033358872,-1.1828147810881655,0.6346384951085619,1.1908102381164856,1.4107221033358872,4.25,3.8333333333333335,3.75,2.3333333333333335,3.4166666666666665,4.1,1.7
-1.5750476329296883,-2.164434240492518,-0.15331554240811535,-1.2839429464919787,-1.5750476329296883,-2.164434240492518,2.8333333333333335,3.1666666666666665,3.4166666666666665,3.4166666666666665,3.4166666666666665,1.0,1.0
-1.6681760731821418,-0.7734695954479702,0.16430098700194956,0.16382841180180768,-1.6681760731821418,-0.7734695954479702,2.0833333333333335,3.9166666666666665,3.0,3.0,3.6666666666666665,1.6,2.0
1.183526812782898,-0.5159042029129344,1.7462003757206712,-0.10178866351563105,1.183526812782898,-0.5159042029129344,3.0,4.166666666666667,4.333333333333333,3.25,4.75,3.0,1.0
0.0010007627753389338,0.7741407810667078,1.4094335116981995,0.0426823981841753,0.0010007627753389338,0.7741407810667078,2.9166666666666665,3.9166666666666665,2.8333333333333335,2.9166666666666665,4.75,3.4,1.5
-1.4852370777038484,1.4095749769743644,0.5332050484405535,-0.1548450034507719,-1.4852370777038484,1.4095749769743644,2.9166666666666665,3.1666666666666665,3.6666666666666665,4.416666666666667,3.9166666666666665,3.2,2.1
0.6275643669932596,0.33172753650699716,-0.35037711573734653,0.11817028854592167,0.6275643669932596,0.33172753650699716,3.9166666666666665,4.25,4.083333333333333,3.0,3.6666666666666665,2.4,2.0
-1.5725796845945288,1.5182032332581414,-0.9570283632707867,0.7223382124199934,-1.5725796845945288,1.5182032332581414,3.0833333333333335,3.5833333333333335,2.8333333333333335,3.25,3.1666666666666665,3.1,2.5
-0.024167948525837413,-0.24703519956366035,1.6892393611066925,-0.09302993459301716,-0.024167948525837413,-0.24703519956366035,3.0,4.083333333333333,3.25,3.5,4.583333333333333,2.7,1.2
3.0402227367663044,-1.3258207611439816,0.4680315021296793,-0.713470883846436,3.0402227367663044,-1.3258207611439816,3.75,4.5,5.0,1.5,4.666666666666667,2.3,1.0
1.5974564106325693,-1.432225187894896,-0.8305961274683054,0.5703729942084211,1.5974564106325693,-1.432225187894896,3.4166666666666665,4.25,4.75,2.1666666666666665,3.25,2.7,1.0
-0.06563230793864384,-0.42453086978441845,-0.042040684514075125,-0.348432620298149,-0.06563230793864384,-0.42453086978441845,3.0833333333333335,3.9166666666666665,4.166666666666667,3.0,3.8333333333333335,1.9,1.9
-0.06060623919477633,-0.24778098188164135,-0.7890430632641288,0.03843151027865553,-0.06060623919477633,-0.24778098188164135,3.5833333333333335,3.5,3.1666666666666665,2.5833333333333335,3.3333333333333335,3.1,1.1
-1.4385388594921404,-1.3693570234602852,-0.33006126510534534,0.8553456208219394,-1.4385388594921404,-1.3693570234602852,1.75,3.8333333333333335,3.25,2.75,3.1666666666666665,2.2,1.5
2.9037571952139265,0.1101887508518416,-0.1276980544832985,0.19204539611498522,2.9037571952139265,0.1101887508518416,4.083333333333333,4.583333333333333,4.833333333333333,1.75,4.25,3.2,1.5
-1.3740348473330166,0.25077279224597593,-2.391512178048422,0.07963095355504753,-1.3740348473330166,0.25077279224597593,4.083333333333333,3.8333333333333335,2.3333333333333335,2.3333333333333335,2.5,1.6,2.4
0.7672975073832817,-0.11669886482718067,0.09661716761654562,-0.5816074780521887,0.7672975073832817,-0.11669886482718067,4.083333333333333,4.0,3.9166666666666665,3.0,4.0,2.3,1.5
0.817646811808717,-1.283157468769691,0.0676202613199847,-0.5426604104769721,0.817646811808717,-1.283157468769691,3.3333333333333335,3.9166666666666665,3.8333333333333335,2.25,4.0,2.2,1.0
2.9271243142477155,-0.05396702009256113,-0.5884361124794157,0.9742145002301528,2.9271243142477155,-0.05396702009256113,3.75,4.333333333333333,4.916666666666667,1.6666666666666667,3.75,4.2,1.0
0.15706569763358924,0.006422781278111544,-0.7246472549536838,-1.0736068109729706,0.15706569763358924,0.006422781278111544,3.5,3.25,4.083333333333333,2.5,3.8333333333333335,2.4,1.7
-0.4142534611376008,0.6066073461172778,-0.6081009542343646,1.031933567267063,-0.4142534611376008,0.6066073461172778,3.0833333333333335,4.083333333333333,3.1666666666666665,2.75,3.3333333333333335,3.1,2.0
2.685874343020495,-1.2401678650842787,-0.00740773743685968,1.2204847510731922,2.685874343020495,-1.2401678650842787,2.9166666666666665,4.833333333333333,4.833333333333333,1.4166666666666667,3.9166666666666665,3.3,1.0
1.0588682258582705,-0.3166459799466232,0.7541095704790973,-1.0794154434556382,1.0588682258582705,-0.3166459799466232,3.5833333333333335,3.8333333333333335,3.9166666666666665,2.5,4.666666666666667,2.4,1.3
3.4134740918609103,0.40534227832646924,-0.08847081551839368,-0.34888475639036554,3.4134740918609103,0.40534227832646924,4.0,4.083333333333333,4.916666666666667,1.1666666666666667,4.666666666666667,3.9,1.2
-0.5388534218932491,0.5798686808165896,1.3673056105795445,0.028471752500909317,-0.5388534218932491,0.5798686808165896,3.1666666666666665,3.9166666666666665,2.4166666666666665,3.3333333333333335,4.5,3.1,1.4
-0.6793054465616907,1.063674143392892,1.0156584094388095,-0.37392205297950676,-0.6793054465616907,1.063674143392892,3.5833333333333335,4.0,2.4166666666666665,3.3333333333333335,4.5,2.5,2.0
-1.8344090709809604,0.7266449578079182,0.9033224464769197,-2.0626879951509167,-1.8344090709809604,0.7266449578079182,3.25,2.4166666666666665,2.5833333333333335,3.8333333333333335,4.583333333333333,2.6,1.4
0.9235779715278327,1.6047127111923274,1.1637431851008628,0.9928405866656953,0.9235779715278327,1.6047127111923274,2.8333333333333335,4.166666666666667,4.916666666666667,3.75,4.416666666666667,4.1,2.1
0.9227963337741134,1.09224951098299,-1.1683846739446395,-1.611911325305862,0.9227963337741134,1.09224951098299,4.416666666666667,3.1666666666666665,4.0,2.0,4.083333333333333,2.7,2.0
-0.3574157548610289,0.7859687740170858,0.19149231403927933,0.3708613972297006,-0.3574157548610289,0.7859687740170858,3.5833333333333335,3.75,3.4166666666666665,3.75,3.6666666666666665,3.3,1.6
1.3361345286449846,-1.585677712297024,-0.01001030782600309,-0.11542205666564376,1.3361345286449846,-1.585677712297024,3.3333333333333335,4.166666666666667,4.75,2.5833333333333335,3.75,2.2,1.0
-0.28550138456593394,0.4067506778537476,1.5804240858018306,-0.1898270982287608,-0.28550138456593394,0.4067506778537476,3.6666666666666665,4.25,2.9166666666666665,3.9166666666666665,4.5,2.4,1.6
1.953248684433451,-0.30713213885524737,-0.22347774861263275,1.028889906375045,1.953248684433451,-0.30713213885524737,4.083333333333333,4.75,4.083333333333333,2.4166666666666665,3.5833333333333335,3.2,1.2
1.195662782763814,0.6631065036947139,-0.16240334019955943,0.11778436515773455,1.195662782763814,0.6631065036947139,3.6666666666666665,3.8333333333333335,4.083333333333333,2.5,4.0,3.6,1.5
0.807357562160049,-0.16134269431208484,1.7637536529220548,0.3741210790402401,0.807357562160049,-0.16134269431208484,2.8333333333333335,4.25,3.8333333333333335,3.25,4.666666666666667,3.3,1.1
-1.6002745375726593,-0.5970318376736861,-1.3081183988084422,1.3328014989434025,-1.6002745375726593,-0.5970318376736861,2.5,3.4166666666666665,2.9166666666666665,3.0833333333333335,2.4166666666666665,3.3,1.2
1.9048858962997086,0.28405976122156895,-0.43663769958364373,-1.0375579696498864,1.9048858962997086,0.28405976122156895,4.083333333333333,3.3333333333333335,4.5,2.0,4.25,3.5,1.1
1.7264677758894578,-0.30294799303829223,0.9107210111972323,-1.0629962925149297,1.7264677758894578,-0.30294799303829223,4.333333333333333,4.166666666666667,4.583333333333333,3.1666666666666665,4.583333333333333,2.2,1.3
-0.8037682966819508,0.9895673378844307,-1.4789633692195798,-0.08349661809602486,-0.8037682966819508,0.9895673378844307,3.6666666666666665,3.3333333333333335,3.0833333333333335,2.6666666666666665,3.1666666666666665,2.9,2.1
0.9285569491675054,2.233011538146621,-1.0834836894506064,0.36694564946532204,0.9285569491675054,2.233011538146621,3.8333333333333335,4.0,4.083333333333333,2.1666666666666665,3.8333333333333335,3.5,2.8
-0.9088764109493156,0.36136942681159917,-0.16004522661390855,0.4276671851419478,-0.9088764109493156,0.36136942681159917,3.25,3.6666666666666665,3.0833333333333335,3.5,3.4166666666666665,3.0,1.6
-0.16208171411240885,1.356533457972008,1.071112294014667,-1.2758978127698568,-0.16208171411240885,1.356533457972008,4.333333333333333,3.8333333333333335,3.0,3.6666666666666665,4.75,2.2,2.1
0.20082434660829196,-0.6922362149097278,0.8836161158662703,0.4703148022786942,0.20082434660829196,-0.6922362149097278,2.25,3.8333333333333335,4.166666666666667,3.0833333333333335,4.083333333333333,3.2,1.1
-0.4953535155113241,0.39528528119726924,0.5788990276330349,-0.18851498865487304,-0.4953535155113241,0.39528528119726924,3.8333333333333335,3.9166666666666665,2.6666666666666665,3.5,4.0,2.6,1.5
-0.6056676208117933,-0.6142204694607252,-1.8286001552064648,-0.06294074711741827,-0.6056676208117933,-0.6142204694607252,2.8333333333333335,3.75,3.8333333333333335,1.9166666666666667,3.0,1.6,2.3
2.1688075140300693,0.8264779226211539,-0.6964200829232472,-1.6486216313004023,2.1688075140300693,0.8264779226211539,4.75,3.1666666666666665,4.25,1.75,4.416666666666667,3.5,1.2
-2.0481601828450624,2.8540076344208765,-1.570981786411735,0.7130394362787035,-2.0481601828450624,2.8540076344208765,3.0,3.3333333333333335,3.0,3.25,3.0833333333333335,3.3,3.4
2.965245204049812,-1.4837926197152713,-0.27510460062374714,0.7331901312256198,2.965245204049812,-1.4837926197152713,3.8333333333333335,5.0,4.916666666666667,1.6666666666666667,3.75,2.6,1.0
0.47002673432650555,-0.2542125387771906,-1.6981617067337047,-2.669536150282945,0.47002673432650555,-0.2542125387771906,4.333333333333333,2.5,4.0,1.75,3.8333333333333335,2.0,1.4
1.8792201710684164,0.7056864587824557,-1.400789679853066,0.39354647969408363,1.8792201710684164,0.7056864587824557,4.333333333333333,4.083333333333333,3.9166666666666665,1.5833333333333333,3.5,3.6,1.6
-0.9630233091916244,-1.540584775966723,-1.303131810670374,0.7601368992095614,-0.9630233091916244,-1.540584775966723,2.25,3.75,3.4166666666666665,2.25,2.75,2.2,1.4
-1.9092803218839853,-1.8032658965877537,2.1052490757134503,-0.7434398693949786,-1.9092803218839853,-1.8032658965877537,1.75,3.6666666666666665,2.5833333333333335,3.6666666666666665,4.583333333333333,1.4,1.0
0.17887108396082174,0.7488938234167921,0.8548352294139042,0.8675230943377276,0.17887108396082174,0.7488938234167921,2.8333333333333335,4.083333333333333,3.5,3.1666666666666665,4.166666666666667,3.7,1.6
0.20064823783606858,0.7309021506330317,-0.7225936658889824,-1.4628649789667951,0.20064823783606858,0.7309021506330317,4.0,2.9166666666666665,3.75,2.5833333333333335,4.0,2.9,1.6
-0.4884486353569266,-2.3660494644885315,-0.49199430907357533,-0.13015242093683485,-0.4884486353569266,-2.3660494644885315,2.3333333333333335,3.75,4.083333333333333,2.5833333333333335,3.25,1.5,1.1
0.8708219907214815,-0.0309536260670169,-0.08497819555087291,0.6104927465019311,0.8708219907214815,-0.0309536260670169,2.75,4.0,4.083333333333333,2.1666666666666665,3.9166666666666665,3.4,1.5
1.933274177104441,-1.07537399620143,-0.48419965513079927,-0.7289861274450545,1.933274177104441,-1.07537399620143,4.083333333333333,3.9166666666666665,4.833333333333333,2.25,3.8333333333333335,2.4,1.0
3.2695028875139163,0.8943242922093799,-0.209573539647946,0.018104520870561636,3.2695028875139163,0.8943242922093799,4.666666666666667,4.083333333333333,4.5,1.75,4.333333333333333,4.4,1.0
-2.0285168268168707,-0.4222770821899233,1.6509215800054642,-0.31556032154451774,-2.0285168268168707,-0.4222770821899233,1.8333333333333333,3.5833333333333335,3.3333333333333335,4.25,4.333333333333333,1.9,1.8
1.2649480739901555,2.0738131680499334,-0.24579359948424653,0.5200049914368501,1.2649480739901555,2.0738131680499334,4.166666666666667,4.166666666666667,4.166666666666667,2.9166666666666665,4.0,3.8,2.3
0.2500848539142651,-0.8531613320229382,0.72276280328955,0.42601422499475505,0.2500848539142651,-0.8531613320229382,3.0833333333333335,4.25,3.9166666666666665,3.4166666666666665,3.8333333333333335,2.5,1.2
-1.6005434171750046,0.5266370607402935,0.5272686602329869,0.26968807922807003,-1.6005434171750046,0.5266370607402935,2.6666666666666665,3.6666666666666665,2.75,3.6666666666666665,3.8333333333333335,2.7,1.9
0.9031161080195714,-0.3956700237855837,0.07758997210294209,-0.4329956895954392,0.9031161080195714,-0.3956700237855837,3.75,4.0,4.083333333333333,2.75,4.0,2.4,1.4
1.1398797999236026,0.11271245788846711,-1.3843947679090864,0.41095903708005066,1.1398797999236026,0.11271245788846711,3.9166666666666665,4.0,4.0,2.0,3.25,3.1,1.6
-0.5499657452793552,1.3634538041644382,1.3899531124158035,-0.738200621321336,-0.5499657452793552,1.3634538041644382,3.4166666666666665,3.25,2.3333333333333335,3.3333333333333335,4.833333333333333,3.7,1.3
-0.9875559541291157,-1.0326949200173439,-1.1454418472517331,-0.01449475326883427,-0.9875559541291157,-1.0326949200173439,2.3333333333333335,3.3333333333333335,3.4166666666666665,2.1666666666666665,3.1666666666666665,2.3,1.5
-2.200690429022952,1.0918642234570206,0.3843871356723894,-0.4757588722865058,-2.200690429022952,1.0918642234570206,3.0833333333333335,3.25,2.75,4.25,3.8333333333333335,2.4,2.2
0.1841706356798087,1.0930648635408946,1.2675715825122778,1.155118492695835,0.1841706356798087,1.0930648635408946,2.1666666666666665,4.5,4.083333333333333,3.1666666666666665,4.5,3.3,2.4
-1.0823493363520449,1.9388901188812615,-1.6634086578272556,0.32361785202027876,-1.0823493363520449,1.9388901188812615,3.5833333333333335,2.9166666666666665,3.5,3.3333333333333335,2.9166666666666665,3.9,2.2
2.5564127725221617,-1.905893533353467,-0.7773073390042758,0.3383228869524638,2.5564127725221617,-1.905893533353467,3.5833333333333335,4.75,4.916666666666667,1.3333333333333333,3.5833333333333335,2.1,1.1
-0.6143288084364882,-1.027158815992967,-3.0159936389064037,-2.2482642499826526,-0.6143288084364882,-1.027158815992967,4.166666666666667,2.5,2.9166666666666665,1.0833333333333333,2.9166666666666665,1.4,1.4
0.23266212368144124,-0.7057041083675596,-1.2041273347513994,-0.32818192133255386,0.23266212368144124,-0.7057041083675596,3.6666666666666665,3.8333333333333335,4.416666666666667,2.75,3.1666666666666665,1.8,1.8
-0.11730471824907784,-0.639040442167839,-0.6076978515515005,0.7389727147568268,-0.11730471824907784,-0.639040442167839,3.0,4.083333333333333,3.9166666666666665,2.9166666666666665,3.1666666666666665,2.5,1.6
-0.8969349014424365,0.9411982353286472,0.7410426442693243,-0.2646320675260191,-0.8969349014424365,0.9411982353286472,2.4166666666666665,3.5833333333333335,3.5833333333333335,3.25,4.416666666666667,2.7,2.3
1.97553588820145,-0.06952156725515693,-0.2728712385459311,-0.6748487867089527,1.97553588820145,-0.06952156725515693,3.75,4.166666666666667,3.8333333333333335,1.0833333333333333,4.5,2.6,1.6
-0.22310869393624363,1.9882141955974748,-1.0267758146976678,0.4392228459785122,-0.22310869393624363,1.9882141955974748,4.083333333333333,3.4166666666666665,4.083333333333333,3.8333333333333335,3.1666666666666665,3.8,2.2
1.2016868880150482,1.4207983891473015,0.7495835683751352,0.9011998584837561,1.2016868880150482,1.4207983891473015,3.6666666666666665,4.25,3.8333333333333335,3.1666666666666665,4.25,4.2,1.6
-0.07126828701120616,-2.4996451442196994,0.6023128484173542,0.35206013810134246,-0.07126828701120616,-2.4996451442196994,2.8333333333333335,4.583333333333333,3.9166666666666665,3.3333333333333335,3.5,1.2,1.0
-1.6096438421970682,1.3868230800247614,-1.4324351710862115,1.118680107496407,-1.6096438421970682,1.3868230800247614,2.4166666666666665,3.8333333333333335,3.3333333333333335,2.75,3.0,2.7,3.1
2.3225072700735176,-1.6320888055558995,1.6494972122387115,0.02969611380649624,2.3225072700735176,-1.6320888055558995,2.3333333333333335,4.666666666666667,5.0,1.9166666666666667,5.0,2.5,1.0
-4.054060230443983,-2.106594068766489,1.427474452817098,1.3766626715866388,-4.054060230443983,-2.106594068766489,1.1666666666666667,4.166666666666667,1.6666666666666667,4.833333333333333,3.0833333333333335,1.2,1.3
-0.6489765384189347,-1.4854637588386634,1.0210345903369304,0.29870762575776966,-0.6489765384189347,-1.4854637588386634,2.4166666666666665,4.0,4.0,3.9166666666666665,3.75,2.1,1.1
0.3709319076394347,-0.6613022874885933,-0.37347170682922165,-0.5410309761655866,0.3709319076394347,-0.6613022874885933,3.25,3.3333333333333335,3.9166666666666665,2.5,3.75,2.9,1.0
-0.3149414004659485,-2.631850317558686,-0.24462171654481768,-0.32147783000787006,-0.3149414004659485,-2.631850317558686,2.5,3.9166666666666665,3.9166666666666665,2.5,3.4166666666666665,1.2,1.0
-2.1352616841337193,1.1438957552637787,0.44800038600832454,-0.4147708531592691,-2.1352616841337193,1.1438957552637787,3.0833333333333335,3.4166666666666665,2.1666666666666665,3.75,4.0,2.4,2.2
-2.425021513745215,0.9633462703244028,0.8085434378814255,-0.8040487801488534,-2.425021513745215,0.9633462703244028,2.75,3.1666666666666665,2.1666666666666665,3.8333333333333335,4.25,2.3,2.1
1.544415426013854,-0.8824320095967747,-0.027215115148701736,0.16774405282551147,1.544415426013854,-0.8824320095967747,3.1666666666666665,4.166666666666667,4.25,1.9166666666666667,4.0,2.9,1.1
-1.225859578796179,0.5154814102971166,-0.3715901444530465,0.7141380112615499,-1.225859578796179,0.5154814102971166,2.9166666666666665,3.8333333333333335,2.5,2.9166666666666665,3.4166666666666665,2.9,1.9
-1.2660325842144933,1.4704874856667116,0.8136209589897397,0.6544906627604086,-1.2660325842144933,1.4704874856667116,2.75,3.8333333333333335,3.6666666666666665,4.416666666666667,3.9166666666666665,3.1,2.4
1.0863767263148467,-0.0486956005832344,1.1786981133274201,-0.7454101284163649,1.0863767263148467,-0.0486956005832344,3.4166666666666665,3.8333333333333335,3.6666666666666665,2.5833333333333335,4.833333333333333,3.0,1.1
4.611743551456079,0.16126582999561892,0.6810318226030316,-0.2091954226410996,4.611743551456079,0.16126582999561892,5.0,5.0,4.833333333333333,1.3333333333333333,5.0,3.5,1.0
-2.5652788210560913,-0.08677345834762067,1.4954246221633793,-1.0961077671907782,-2.5652788210560913,-0.08677345834762067,2.0,2.75,2.3333333333333335,3.9166666666666665,4.5,2.5,1.3
1.560517302058637,-0.7061051686095582,0.18666220592370406,0.9285708649414727,1.560517302058637,-0.7061051686095582,2.9166666666666665,4.5,3.8333333333333335,1.75,4.0,3.3,1.1
-1.762807484208339,0.3275767890791071,-2.1821420504615205,0.5076861463455781,-1.762807484208339,0.3275767890791071,2.75,3.1666666666666665,3.5833333333333335,2.9166666666666665,2.4166666666666665,2.6,2.3
-1.4408982326536788,-0.7835774219488223,1.135983593549304,-0.5797416407096909,-1.4408982326536788,-0.7835774219488223,2.25,3.5,3.0833333333333335,3.5,4.25,2.0,1.4
0.8612646323591553,0.5074508480190361,1.677385792847276,-0.24361204445737447,0.8612646323591553,0.5074508480190361,3.5833333333333335,4.5,4.5,3.9166666666666665,4.75,2.3,2.0
1.3476888081036689,0.5284111069067708,0.5472812312926881,0.0855671281576232,1.3476888081036689,0.5284111069067708,3.8333333333333335,4.5,4.166666666666667,2.8333333333333335,4.333333333333333,2.7,1.9
-0.5651700041422215,-0.2920127195881847,2.7457666017172726,0.45567685750679227,-0.5651700041422215,-0.2920127195881847,2.4166666666666665,4.25,2.8333333333333335,4.083333333333333,4.833333333333333,3.0,1.0
-1.6586014996333762,1.388777626535327,0.8962729920785456,0.9041413463827597,-1.6586014996333762,1.388777626535327,2.5833333333333335,4.0,2.9166666666666665,4.166666666666667,3.9166666666666665,3.0,2.4
-0.3881188383252659,1.358203203668667,-0.35538666793266843,-0.7151647331711816,-0.3881188383252659,1.358203203668667,4.416666666666667,3.3333333333333335,2.75,3.25,3.8333333333333335,3.1,1.7
2.2809271010921957,0.2601965783775371,1.4270524180977529,-0.06242376866392019,2.2809271010921957,0.2601965783775371,4.083333333333333,4.416666666666667,5.0,3.5,4.666666666666667,3.3,1.2
-0.16638669096585937,-2.0830748610936585,1.8501307481736018,0.1730142531394321,-0.16638669096585937,-2.0830748610936585,2.3333333333333335,4.583333333333333,3.5833333333333335,3.4166666666666665,4.333333333333333,1.5,1.0
-0.5250332217424761,1.0578316156122467,-0.3616488319329456,1.2829621224431902,-0.5250332217424761,1.0578316156122467,3.3333333333333335,4.166666666666667,2.9166666666666665,3.1666666666666665,3.3333333333333335,3.4,2.0
-0.11150411086694532,0.34749324886411803,-0.31784967178461077,1.08118921742878,-0.11150411086694532,0.34749324886411803,3.0,3.9166666666666665,3.75,3.1666666666666665,3.3333333333333335,3.5,1.6
-1.3431757271953177,1.1657731299598888,-2.2920937687642504,1.1730151295401148,-1.3431757271953177,1.1657731299598888,3.1666666666666665,3.5,3.4166666666666665,2.9166666666666665,2.3333333333333335,3.2,2.5
2.4518371004117454,-0.39761549620143455,0.06760499927927033,1.0999427261871288,2.4518371004117454,-0.39761549620143455,3.0833333333333335,4.583333333333333,4.416666666666667,1.5,4.083333333333333,3.8,1.1
1.4410307986108541,-1.8171717347600866,0.6751656182489714,-1.646551603620697,1.4410307986108541,-1.8171717347600866,3.9166666666666665,4.166666666666667,4.083333333333333,2.25,4.583333333333333,1.1,1.0
-0.768781728740104,-0.09481326320922664,-0.34169126938035194,0.12042766558722841,-0.768781728740104,-0.09481326320922664,3.1666666666666665,3.8333333333333335,3.5833333333333335,3.3333333333333335,3.4166666666666665,2.2,1.9
-3.042471789324068,0.09688984315150995,0.8620464348627859,-1.083275366088923,-3.042471789324068,0.09688984315150995,1.9166666666666667,2.5,2.25,3.8333333333333335,4.166666666666667,2.5,1.5
-0.9101482755250669,-0.4733443720853031,0.23416745027091398,0.834182588614782,-0.9101482755250669,-0.4733443720853031,2.5833333333333335,3.9166666666666665,2.9166666666666665,3.1666666666666665,3.5,2.9,1.3
1.687714501009274,-0.801151066688031,-0.28056801463935893,-0.534425517454723,1.687714501009274,-0.801151066688031,3.8333333333333335,3.9166666666666665,4.25,2.0,4.0,2.7,1.0
-0.5515636327762309,-0.7106812841121265,-1.038752591810705,-0.04375724076639584,-0.5515636327762309,-0.7106812841121265,3.25,3.25,3.25,2.6666666666666665,3.0833333333333335,2.9,1.0
-0.6243052379158254,1.9321823605007549,-0.06440390707796069,-1.433830138225468,-0.6243052379158254,1.9321823605007549,3.9166666666666665,2.9166666666666665,2.9166666666666665,3.0,4.416666666666667,3.1,2.1
-1.5243347417416786,-0.660418681668413,-0.3687352259880872,-0.11504688233117091,-1.5243347417416786,-0.660418681668413,2.5,3.5,2.6666666666666665,2.6666666666666665,3.5,2.1,1.6
-0.1255952276084202,-1.7787166428278605,-1.4108316349142604,1.5666295779761226,-0.1255952276084202,-1.7787166428278605,2.6666666666666665,4.166666666666667,3.6666666666666665,2.3333333333333335,2.4166666666666665,2.7,1.0
-2.1923423443208665,-0.9565191906647575,-1.6250919808159576,-0.6316707587209657,-2.1923423443208665,-0.9565191906647575,2.5,2.5,3.0833333333333335,2.8333333333333335,2.75,2.3,1.3
-3.6904308594782096,-1.4942535207075123,-0.22538225156541347,-0.6396106797840129,-3.6904308594782096,-1.4942535207075123,1.4166666666666667,2.5,3.3333333333333335,4.333333333333333,3.0,1.5,1.5
1.611740157945784,-0.30207756227381866,-0.5798564874821479,-0.5891571105242932,1.611740157945784,-0.30207756227381866,3.9166666666666665,3.5833333333333335,4.25,2.0,3.9166666666666665,3.2,1.0
0.17727821501651686,0.596815557993802,-1.6841733400632004,-0.38158733299096953,0.17727821501651686,0.596815557993802,3.8333333333333335,3.3333333333333335,3.4166666666666665,1.9166666666666667,3.3333333333333335,3.0,1.8
0.6208082433707884,1.6363943173939168,1.7417296526152553,0.016291389146012285,0.6208082433707884,1.6363943173939168,4.166666666666667,4.166666666666667,3.3333333333333335,4.083333333333333,4.75,3.6,1.6
-1.6718295790880848,-0.6308080695637494,0.23945537052614752,-1.8071298695199276,-1.6718295790880848,-0.6308080695637494,2.4166666666666665,2.25,4.0,3.75,4.0,2.3,1.2
0.31504210307915326,1.7358449487571261,-0.9528310895112885,-0.41419203355611467,0.31504210307915326,1.7358449487571261,4.0,3.1666666666666665,2.8333333333333335,2.0,3.9166666666666665,4.0,1.7
-0.3313584117698777,0.5500239720770492,0.5905398520959503,-0.3556816315601198,-0.3313584117698777,0.5500239720770492,3.5833333333333335,3.6666666666666665,3.4166666666666665,3.6666666666666665,4.083333333333333,2.8,1.6
-0.30334049465691665,2.076392517209471,-0.1417593223250259,1.4634456101565128,-0.30334049465691665,2.076392517209471,3.8333333333333335,3.9166666666666665,3.6666666666666665,4.333333333333333,3.25,4.3,2.0
1.4672850910377047,-0.1313530692197816,0.3272581185877012,-1.0957798846316855,1.4672850910377047,-0.1313530692197816,4.5,4.0,3.25,2.1666666666666665,4.5,2.5,1.1
0.33857533220503944,2.0245809938228443,-0.644649995847898,-1.0502645920808298,0.33857533220503944,2.0245809938228443,3.4166666666666665,3.4166666666666665,4.333333333333333,2.25,4.416666666666667,2.7,3.0
-0.9235985697186859,0.5570856350640913,1.2262430021536104,0.610486850205925,-0.9235985697186859,0.5570856350640913,2.8333333333333335,3.8333333333333335,2.8333333333333335,3.9166666666666665,4.083333333333333,3.4,1.4
-2.4163803620162123,1.3819865437332246,2.597142342791938,0.3599309037666922,-2.4163803620162123,1.3819865437332246,2.4166666666666665,3.9166666666666665,1.8333333333333333,4.833333333333333,4.75,2.9,2.0
-0.6543271475061542,-0.11918697827699111,-0.045900397755109394,-0.9060975330052288,-0.6543271475061542,-0.11918697827699111,3.0,3.1666666666666665,3.8333333333333335,3.1666666666666665,3.9166666666666665,2.4,1.6
-0.6301881239905359,-1.245340141390298,-0.44393045743491355,0.4338519808958307,-0.6301881239905359,-1.245340141390298,2.3333333333333335,3.75,3.9166666666666665,2.8333333333333335,3.25,2.3,1.4
-1.566352340866319,-2.363918748693993,-1.4731099722449228,-0.04514271558897081,-1.566352340866319,-2.363918748693993,2.4166666666666665,3.25,3.5,2.75,2.5,1.6,1.0
1.0619714020547122,-1.5232789448495543,-2.46040785102285,0.6760692404509855,1.0619714020547122,-1.5232789448495543,3.25,4.0,4.583333333333333,1.3333333333333333,2.5,2.4,1.4
-1.5654674365132748,0.04021989207573509,-0.16839474176654023,-1.5961420806446547,-1.5654674365132748,0.04021989207573509,2.4166666666666665,2.0,3.0,2.75,4.083333333333333,3.3,1.0
0.43336697968976845,0.6319183329320116,0.692850321514297,-0.08966979723557028,0.43336697968976845,0.6319183329320116,3.6666666666666665,3.8333333333333335,3.9166666666666665,3.5833333333333335,4.166666666666667,3.2,1.5
0.11710971686674501,1.2104225304217742,1.8601927898290653,-0.24669064237805596,0.11710971686674501,1.2104225304217742,3.75,4.0,2.5833333333333335,3.5833333333333335,4.916666666666667,3.4,1.4
-2.13182885332788,-1.6215446338006771,-0.034061027788710146,1.0693481229010908,-2.13182885332788,-1.6215446338006771,2.1666666666666665,3.9166666666666665,3.1666666666666665,4.083333333333333,2.75,1.9,1.3
-1.5987027453459717,0.40457268399839796,0.3997468957337073,0.6946932575325092,-1.5987027453459717,0.40457268399839796,1.75,3.0833333333333335,3.9166666666666665,4.0,3.5833333333333335,3.7,1.6
0.2768899524781361,0.3112255305532971,0.22617067543626224,0.346443050745749,0.2768899524781361,0.3112255305532971,3.5,4.416666666666667,3.1666666666666665,2.6666666666666665,4.0,2.5,1.9
0.11859011871866391,1.6640938519212811,-1.0408252432783502,0.15669896489073454,0.11859011871866391,1.6640938519212811,3.3333333333333335,3.75,4.25,2.5833333333333335,3.6666666666666665,3.0,2.8
-0.8042611614156592,-2.1941881992091252,-0.9354715461650864,-0.35155425725608636,-0.8042611614156592,-2.1941881992091252,2.9166666666666665,3.5,4.25,3.25,2.8333333333333335,1.4,1.1
-0.8058834827538786,-0.6461494942309998,0.6142716328759817,0.16839496750886288,-0.8058834827538786,-0.6461494942309998,3.0833333333333335,3.9166666666666665,3.3333333333333335,3.8333333333333335,3.6666666666666665,2.3,1.3
-0.5223224697224579,1.111812619590778,0.6284357180150609,-0.8827573773778186,-0.5223224697224579,1.111812619590778,3.0,3.3333333333333335,4.333333333333333,3.75,4.416666666666667,2.6,2.3
1.7304627823765615,2.5593567040253427,-0.5972949630697603,-0.34630937958116365,1.7304627823765615,2.5593567040253427,4.416666666666667,3.6666666666666665,3.8333333333333335,1.9166666666666667,4.416666666666667,4.2,2.2
0.13222811712958651,0.14094774671508956,1.163008111377267,-0.8118369635469419,0.13222811712958651,0.14094774671508956,3.0,3.5833333333333335,3.9166666666666665,3.25,4.666666666666667,2.7,1.5
-1.4977900625701126,-0.7114417271402753,1.1147626533483361,-0.375078367546928,-1.4977900625701126,-0.7114417271402753,3.0833333333333335,3.8333333333333335,2.9166666666666665,4.25,3.9166666666666665,1.7,1.4
-0.10221681834562049,-1.6559157768848052,-0.7203831337465512,-0.9335964520595701,-0.10221681834562049,-1.6559157768848052,3.0,3.3333333333333335,4.083333333333333,2.4166666666666665,3.5,1.8,1.1
-0.37623367513090455,-0.5559006434733176,-0.0011466097246853335,-0.2290620654571678,-0.37623367513090455,-0.5559006434733176,3.0,3.6666666666666665,3.0833333333333335,2.5833333333333335,3.8333333333333335,2.5,1.3
-0.3940862931625272,0.5726209797251584,-1.4979751364488998,-1.636713643083317,-0.3940862931625272,0.5726209797251584,3.25,2.3333333333333335,3.8333333333333335,2.0,3.75,3.0,1.7
-0.4367786496765646,1.5330795265710768,-0.2339880640067427,-1.0817322820526183,-0.4367786496765646,1.5330795265710768,3.8333333333333335,3.4166666666666665,3.1666666666666665,2.8333333333333335,4.25,2.5,2.4
1.0310166108282235,-1.1781904512233674,0.8661344130162271,1.144764212661748,1.0310166108282235,-1.1781904512233674,2.5833333333333335,4.583333333333333,4.25,2.8333333333333335,3.9166666666666665,3.0,1.0
-0.2178423274593854,0.23504140710369428,0.33181000750102235,-1.377654260263147,-0.2178423274593854,0.23504140710369428,3.9166666666666665,3.0833333333333335,3.0833333333333335,3.1666666666666665,4.25,2.8,1.1
-1.0570575843802061,-0.8076284391725976,2.2430294460569096,0.20906380207168557,-1.0570575843802061,-0.8076284391725976,1.9166666666666667,3.9166666666666665,4.0,4.583333333333333,4.416666666666667,2.4,1.3
0.15999735317624275,-1.0506690906318585,0.2351232825638002,-0.3723859586303622,0.15999735317624275,-1.0506690906318585,2.6666666666666665,3.6666666666666665,4.0,2.5833333333333335,4.0,2.4,1.2
0.12221758552987086,0.5530063932058168,0.5691225567378764,-0.7212933829945407,0.12221758552987086,0.5530063932058168,3.5,3.25,3.9166666666666665,3.5,4.25,3.3,1.3
-0.24159900807169832,-0.5036388873778512,-0.193970166574788,-1.101482799530484,-0.24159900807169832,-0.5036388873778512,3.1666666666666665,3.3333333333333335,3.6666666666666665,2.5833333333333335,4.0,2.1,1.5
-1.5996065139924531,1.091280588505329,-0.9439510573177922,-0.8098568583469097,-1.5996065139924531,1.091280588505329,3.1666666666666665,3.0,2.6666666666666665,2.6666666666666665,3.6666666666666665,2.5,2.3
2.259201997929813,1.4920277709505012,-0.48025918236081655,-0.9278779803779972,2.259201997929813,1.4920277709505012,4.416666666666667,3.3333333333333335,4.25,1.75,4.5,4.2,1.4
0.7312009964418813,-0.2829043966000279,0.4600753691561413,-0.17967004161595454,0.7312009964418813,-0.2829043966000279,4.083333333333333,4.25,4.0,3.5,3.9166666666666665,2.3,1.4
1.9364822858484796,0.5804808729115629,-1.13847649257745,-0.29303490085960726,1.9364822858484796,0.5804808729115629,4.416666666666667,4.0,4.5,1.9166666666666667,3.75,3.0,1.8
1.4987654051277954,0.32974684503611085,0.7244008047987532,-0.1844294210857531,1.4987654051277954,0.32974684503611085,3.5,4.416666666666667,4.0,2.25,4.666666666666667,2.7,1.8
-1.0432260813754708,-1.639198605923973,1.2251317662564862,-2.684049052728769,-1.0432260813754708,-1.639198605923973,1.75,2.3333333333333335,4.416666666666667,3.0833333333333335,4.916666666666667,1.6,1.0
-1.5374755035826115,0.4861674946826728,-0.9511055612852495,0.7210863447399312,-1.5374755035826115,0.4861674946826728,2.8333333333333335,3.3333333333333335,3.1666666666666665,3.4166666666666665,2.9166666666666665,3.2,1.8
-0.7051671478898057,-1.7039587433241012,-0.40232475233912185,-2.0184672472067056,-0.7051671478898057,-1.7039587433241012,3.5,2.9166666666666665,3.9166666666666665,3.1666666666666665,3.6666666666666665,1.2,1.0
-1.0790056047246825,-1.027218856964275,-0.5218797750004196,-1.2073419760477777,-1.0790056047246825,-1.027218856964275,3.0833333333333335,3.0,3.25,2.8333333333333335,3.5833333333333335,1.9,1.2
2.472207395710262,-0.7194770825627819,-0.3061087873290158,0.6477886458937526,2.472207395710262,-0.7194770825627819,4.083333333333333,4.666666666666667,4.75,2.25,3.6666666666666665,3.0,1.1
0.7982839276293281,-1.265942642541099,-0.8780158959618936,0.3270567878109979,0.7982839276293281,-1.265942642541099,3.25,3.9166666666666665,4.083333333333333,2.1666666666666665,3.25,2.7,1.0
